retailer_id,recency,frequency,monetary,r_score,f_score,m_score,rfm_score,segment
RTL1000,242,5,29418.03,3,5,5,355,Others
RTL1001,664,1,1054.81,1,1,1,111,At Risk
RTL1002,420,1,49.08,2,1,1,211,At Risk
RTL1003,227,3,27764.019999999997,3,3,5,335,Others
RTL1004,375,1,2780.64,2,1,2,212,At Risk
RTL1005,487,1,7688.07,2,1,3,213,At Risk
RTL1006,192,2,14199.92,4,2,4,424,Recent Customer
RTL1007,25,2,2760.4,5,2,2,522,Recent Customer
RTL1009,21,5,25381.41,5,5,5,555,Champion
RTL1010,388,2,14241.29,2,2,4,224,At Risk
RTL1011,25,3,10497.0,5,3,3,533,Recent Customer
RTL1013,530,2,8901.1,2,2,3,223,At Risk
RTL1015,44,1,2865.96,5,1,2,512,Recent Customer
RTL1016,94,4,17957.079999999998,4,4,4,444,Loyal Customer
RTL1017,341,2,1477.37,2,2,1,221,At Risk
RTL1018,618,2,5052.32,1,2,2,122,At Risk
RTL1020,503,1,6833.76,2,1,3,213,At Risk
RTL1021,132,2,456.87,4,2,1,421,Recent Customer
RTL1022,139,4,29338.97,4,4,5,445,Loyal Customer
RTL1023,46,2,1190.4099999999999,5,2,1,521,Recent Customer
RTL1024,902,1,49.13,1,1,1,111,At Risk
RTL1025,436,2,1136.11,2,2,1,221,At Risk
RTL1026,200,2,1761154.3,3,2,5,325,Others
RTL1027,355,5,13452.43,2,5,4,254,At Risk
RTL1028,189,2,18797.79,4,2,5,425,Recent Customer
RTL1029,599,1,6252.0,1,1,3,113,At Risk
RTL1030,247,1,12622.4,3,1,4,314,Others
RTL1031,354,4,11736.92,2,4,4,244,At Risk
RTL1032,64,7,53445.700000000004,5,5,5,555,Champion
RTL1033,234,2,4038.73,3,2,2,322,Others
RTL1034,868,1,1338.63,1,1,1,111,At Risk
RTL1035,567,2,2731.71,1,2,2,122,At Risk
RTL1036,428,1,9499.81,2,1,3,213,At Risk
RTL1038,375,3,11184.92,2,3,4,234,At Risk
RTL1039,99,1,3347.52,4,1,2,412,Recent Customer
RTL1040,579,1,2571.1,1,1,2,112,At Risk
RTL1043,97,4,23446.4,4,4,5,445,Loyal Customer
RTL1044,239,2,18631.4,3,2,4,324,Others
RTL1045,671,2,15173.36,1,2,4,124,At Risk
RTL1046,873,1,153.67,1,1,1,111,At Risk
RTL1047,876,1,52.28,1,1,1,111,At Risk
RTL1048,775,1,1603.04,1,1,1,111,At Risk
RTL1049,16,1,4531.56,5,1,2,512,Recent Customer
RTL1051,23,5,21001.22,5,5,5,555,Champion
RTL1052,106,3,31380.589999999997,4,3,5,435,Recent Customer
RTL1053,740,1,19.34,1,1,1,111,At Risk
RTL1054,28,5,26905.9,5,5,5,555,Champion
RTL1055,627,1,106.68,1,1,1,111,At Risk
RTL1056,31,3,14816.98,5,3,4,534,Recent Customer
RTL1057,385,4,9493.59,2,4,3,243,At Risk
RTL1058,234,3,573871.2,3,3,5,335,Others
RTL1059,200,1,314.73,3,1,1,311,Others
RTL1060,693,1,1737.33,1,1,1,111,At Risk
RTL1061,323,3,7770.7300000000005,3,3,3,333,Others
RTL1062,493,1,679.35,2,1,1,211,At Risk
RTL1063,4,4,21467.82,5,4,5,545,Loyal Customer
RTL1064,158,2,11936.35,4,2,4,424,Recent Customer
RTL1065,53,4,14785.91,5,4,4,544,Loyal Customer
RTL1066,290,3,11652.48,3,3,4,334,Others
RTL1068,220,2,4320.88,3,2,2,322,Others
RTL1069,413,2,9816.57,2,2,3,223,At Risk
RTL1071,95,3,14578.330000000002,4,3,4,434,Recent Customer
RTL1072,84,3,22312.42,5,3,5,535,Recent Customer
RTL1073,660,2,5363.660000000001,1,2,2,122,At Risk
RTL1074,52,4,1732913.22,5,4,5,545,Loyal Customer
RTL1075,69,2,9006.77,5,2,3,523,Recent Customer
RTL1077,145,2,14154.82,4,2,4,424,Recent Customer
RTL1078,463,1,1734.78,2,1,1,211,At Risk
RTL1079,36,4,12447.5,5,4,4,544,Loyal Customer
RTL1080,204,2,5795.55,3,2,2,322,Others
RTL1081,821,1,2574.6,1,1,2,112,At Risk
RTL1082,808,1,529032.0,1,1,5,115,At Risk
RTL1083,531,1,5772.2,2,1,2,212,At Risk
RTL1084,260,3,2107.98,3,3,1,331,Others
RTL1087,191,3,10405.74,4,3,3,433,Recent Customer
RTL1088,144,2,6187.5,4,2,3,423,Recent Customer
RTL1089,180,3,12236.75,4,3,4,434,Recent Customer
RTL1090,866,1,3402.55,1,1,2,112,At Risk
RTL1091,948,1,14162.5,1,1,4,114,At Risk
RTL1092,446,3,12098.289999999999,2,3,4,234,At Risk
RTL1093,291,2,10314.74,3,2,3,323,Others
RTL1094,666,2,1676.95,1,2,1,121,At Risk
RTL1095,156,2,8800.72,4,2,3,423,Recent Customer
RTL1096,430,2,9247.75,2,2,3,223,At Risk
RTL1098,134,2,3651.3599999999997,4,2,2,422,Recent Customer
RTL1099,336,1,5943.58,2,1,2,212,At Risk
RTL1100,463,1,4318.8,2,1,2,212,At Risk
RTL1101,360,2,4469.91,2,2,2,222,At Risk
RTL1103,245,2,5283.81,3,2,2,322,Others
RTL1104,54,3,40006.25,5,3,5,535,Recent Customer
RTL1105,135,2,21798.27,4,2,5,425,Recent Customer
RTL1106,761,3,10031.41,1,3,3,133,At Risk
RTL1107,66,3,11417.3,5,3,4,534,Recent Customer
RTL1108,70,4,9505.27,5,4,3,543,Loyal Customer
RTL1109,407,1,2433550.0,2,1,5,215,At Risk
RTL1112,136,4,21138.74,4,4,5,445,Loyal Customer
RTL1113,251,2,23673.75,3,2,5,325,Others
RTL1114,335,2,4323.08,3,2,2,322,Others
RTL1115,87,3,13641.619999999999,5,3,4,534,Recent Customer
RTL1116,110,6,2020312.57,4,5,5,455,Loyal Customer
RTL1117,119,5,15403.800000000001,4,5,4,454,Loyal Customer
RTL1118,117,4,5074.92,4,4,2,442,Loyal Customer
RTL1119,443,2,4530.84,2,2,2,222,At Risk
RTL1120,6,4,16846.309999999998,5,4,4,544,Loyal Customer
RTL1121,257,4,33917.43,3,4,5,345,Others
RTL1122,163,2,3688.83,4,2,2,422,Recent Customer
RTL1123,343,2,1041.56,2,2,1,221,At Risk
RTL1124,297,4,14535.95,3,4,4,344,Others
RTL1125,405,4,17691.71,2,4,4,244,At Risk
RTL1126,349,1,1753.65,2,1,1,211,At Risk
RTL1127,508,1,2011.9,2,1,1,211,At Risk
RTL1128,231,3,3072.42,3,3,2,332,Others
RTL1129,698,1,926.61,1,1,1,111,At Risk
RTL1131,8,3,2838.0299999999997,5,3,2,532,Recent Customer
RTL1132,484,2,5919.62,2,2,2,222,At Risk
RTL1133,705,1,7972.01,1,1,3,113,At Risk
RTL1134,326,1,133.38,3,1,1,311,Others
RTL1135,94,3,1160994.53,4,3,5,435,Recent Customer
RTL1136,734,3,1091.78,1,3,1,131,At Risk
RTL1137,33,1,3615.0,5,1,2,512,Recent Customer
RTL1138,682,3,11162.31,1,3,4,134,At Risk
RTL1139,142,3,4919.73,4,3,2,432,Recent Customer
RTL1140,679,3,6929.98,1,3,3,133,At Risk
RTL1141,395,3,745.3199999999999,2,3,1,231,At Risk
RTL1142,472,1,2647.36,2,1,2,212,At Risk
RTL1143,353,2,2807.18,2,2,2,222,At Risk
RTL1144,448,2,6115.65,2,2,3,223,At Risk
RTL1145,28,2,1830.49,5,2,1,521,Recent Customer
RTL1146,169,2,7622.35,4,2,3,423,Recent Customer
RTL1147,24,4,11171.22,5,4,4,544,Loyal Customer
RTL1148,189,2,14097.990000000002,4,2,4,424,Recent Customer
RTL1149,253,4,27247.6,3,4,5,345,Others
RTL1150,368,1,313.1,2,1,1,211,At Risk
RTL1151,272,1,3520.65,3,1,2,312,Others
RTL1152,57,1,3172.53,5,1,2,512,Recent Customer
RTL1153,401,3,9009.39,2,3,3,233,At Risk
RTL1154,213,2,22962.36,3,2,5,325,Others
RTL1155,93,3,4486.81,4,3,2,432,Recent Customer
RTL1156,350,2,15692.99,2,2,4,224,At Risk
RTL1157,459,2,6534.15,2,2,3,223,At Risk
RTL1158,11,2,22407.0,5,2,5,525,Recent Customer
RTL1159,741,2,11495.509999999998,1,2,4,124,At Risk
RTL1160,183,4,11266.849999999999,4,4,4,444,Loyal Customer
RTL1161,463,1,14307.2,2,1,4,214,At Risk
RTL1162,19,3,5160.0,5,3,2,532,Recent Customer
RTL1163,612,2,4482.9,1,2,2,122,At Risk
RTL1164,48,4,13771.25,5,4,4,544,Loyal Customer
RTL1165,153,5,12454.27,4,5,4,454,Loyal Customer
RTL1166,914,1,12990.2,1,1,4,114,At Risk
RTL1167,18,3,14771.27,5,3,4,534,Recent Customer
RTL1169,478,3,8318.31,2,3,3,233,At Risk
RTL1170,9,3,15749.519999999999,5,3,4,534,Recent Customer
RTL1171,268,4,14369.48,3,4,4,344,Others
RTL1172,295,3,9849.59,3,3,3,333,Others
RTL1173,573,2,13617.19,1,2,4,124,At Risk
RTL1174,226,3,12315.779999999999,3,3,4,334,Others
RTL1175,289,1,2324.43,3,1,1,311,Others
RTL1176,128,3,2287.13,4,3,1,431,Recent Customer
RTL1177,62,5,21896.420000000002,5,5,5,555,Champion
RTL1178,85,2,8110.7699999999995,5,2,3,523,Recent Customer
RTL1179,127,2,21118.46,4,2,5,425,Recent Customer
RTL1180,142,2,6010.41,4,2,2,422,Recent Customer
RTL1181,633,1,2102.04,1,1,1,111,At Risk
RTL1182,660,2,10334.76,1,2,3,123,At Risk
RTL1183,50,5,21750.38,5,5,5,555,Champion
RTL1184,764,1,8283.0,1,1,3,113,At Risk
RTL1186,797,1,1852.37,1,1,1,111,At Risk
RTL1187,146,6,28038.61,4,5,5,455,Loyal Customer
RTL1189,126,4,17420.87,4,4,4,444,Loyal Customer
RTL1190,192,2,11078.449999999999,4,2,4,424,Recent Customer
RTL1191,449,4,19753.780000000002,2,4,5,245,At Risk
RTL1192,82,3,4802.23,5,3,2,532,Recent Customer
RTL1193,446,1,128.68,2,1,1,211,At Risk
RTL1194,164,5,2012168.19,4,5,5,455,Loyal Customer
RTL1195,392,2,9146.36,2,2,3,223,At Risk
RTL1196,164,4,11621.11,4,4,4,444,Loyal Customer
RTL1197,10,2,3085.21,5,2,2,522,Recent Customer
RTL1198,455,1,12112.5,2,1,4,214,At Risk
RTL1199,428,2,15031.869999999999,2,2,4,224,At Risk
RTL1200,437,2,7901.88,2,2,3,223,At Risk
RTL1201,196,3,676758.71,3,3,5,335,Others
RTL1202,166,4,11051.59,4,4,4,444,Loyal Customer
RTL1203,268,8,32326.26,3,5,5,355,Others
RTL1204,90,2,43012.2,4,2,5,425,Recent Customer
RTL1205,922,1,6412.59,1,1,3,113,At Risk
RTL1206,363,2,2464.11,2,2,2,222,At Risk
RTL1207,3,5,17720.31,5,5,4,554,Loyal Customer
RTL1208,328,2,1706.1100000000001,3,2,1,321,Others
RTL1209,281,3,576061.47,3,3,5,335,Others
RTL1210,536,1,2656.85,2,1,2,212,At Risk
RTL1211,975,1,9292.6,1,1,3,113,At Risk
RTL1212,42,3,680554.7,5,3,5,535,Recent Customer
RTL1213,727,2,1339.04,1,2,1,121,At Risk
RTL1214,527,2,1645.42,2,2,1,221,At Risk
RTL1215,256,2,12025.17,3,2,4,324,Others
RTL1216,864,1,1890.6,1,1,1,111,At Risk
RTL1217,660,1,1915.08,1,1,1,111,At Risk
RTL1218,609,1,198.99,1,1,1,111,At Risk
RTL1219,597,2,1541.51,1,2,1,121,At Risk
RTL1220,412,1,4760.96,2,1,2,212,At Risk
RTL1221,118,5,20275.37,4,5,5,455,Loyal Customer
RTL1222,252,3,5432.53,3,3,2,332,Others
RTL1223,15,1,9658.08,5,1,3,513,Recent Customer
RTL1224,149,3,20971.22,4,3,5,435,Recent Customer
RTL1225,522,2,3560.7,2,2,2,222,At Risk
RTL1226,817,1,7027.99,1,1,3,113,At Risk
RTL1228,274,6,30480.34,3,5,5,355,Others
RTL1229,46,3,759199.86,5,3,5,535,Recent Customer
RTL1230,561,4,10243.09,1,4,3,143,At Risk
RTL1231,80,2,7430.150000000001,5,2,3,523,Recent Customer
RTL1232,523,1,605.95,2,1,1,211,At Risk
RTL1233,169,2,15251.31,4,2,4,424,Recent Customer
RTL1234,282,2,7888.639999999999,3,2,3,323,Others
RTL1235,40,3,8155.3099999999995,5,3,3,533,Recent Customer
RTL1236,117,3,2344.41,4,3,1,431,Recent Customer
RTL1237,802,1,3241.6,1,1,2,112,At Risk
RTL1238,82,1,1104.75,5,1,1,511,Recent Customer
RTL1240,9,2,4247.51,5,2,2,522,Recent Customer
RTL1241,110,1,2260.16,4,1,1,411,Recent Customer
RTL1242,450,2,16926.16,2,2,4,224,At Risk
RTL1243,372,2,979.01,2,2,1,221,At Risk
RTL1244,68,1,3928.77,5,1,2,512,Recent Customer
RTL1245,240,3,9532.939999999999,3,3,3,333,Others
RTL1246,219,5,33913.5,3,5,5,355,Others
RTL1248,13,3,17265.28,5,3,4,534,Recent Customer
RTL1249,535,1,2490.96,2,1,2,212,At Risk
RTL1250,264,2,130297.72,3,2,5,325,Others
RTL1251,382,2,11139.88,2,2,4,224,At Risk
RTL1252,549,1,13480.2,2,1,4,214,At Risk
RTL1253,277,2,3684.8500000000004,3,2,2,322,Others
RTL1254,453,1,226.68,2,1,1,211,At Risk
RTL1255,796,2,1883.95,1,2,1,121,At Risk
RTL1256,273,3,3330.2799999999997,3,3,2,332,Others
RTL1257,43,3,4299.77,5,3,2,532,Recent Customer
RTL1258,159,3,10530.720000000001,4,3,3,433,Recent Customer
RTL1261,306,3,9103.55,3,3,3,333,Others
RTL1262,74,4,26099.170000000002,5,4,5,545,Loyal Customer
RTL1263,179,3,22523.23,4,3,5,435,Recent Customer
RTL1264,520,1,342.73,2,1,1,211,At Risk
RTL1265,95,5,317516.25,4,5,5,455,Loyal Customer
RTL1266,506,3,5753.299999999999,2,3,2,232,At Risk
RTL1267,27,4,14819.08,5,4,4,544,Loyal Customer
RTL1268,226,3,20469.48,3,3,5,335,Others
RTL1269,1016,1,6531500.0,1,1,5,115,At Risk
RTL1270,26,2,6049.67,5,2,3,523,Recent Customer
RTL1271,241,2,8942.2,3,2,3,323,Others
RTL1272,868,2,2419318.48,1,2,5,125,At Risk
RTL1273,128,2,4664.33,4,2,2,422,Recent Customer
RTL1274,83,2,9702.68,5,2,3,523,Recent Customer
RTL1275,206,4,2307194.38,3,4,5,345,Others
RTL1276,342,1,6226.79,2,1,3,213,At Risk
RTL1277,499,2,21716.7,2,2,5,225,At Risk
RTL1279,170,3,14570.630000000001,4,3,4,434,Recent Customer
RTL1280,319,5,151808.03,3,5,5,355,Others
RTL1281,7,3,9483.9,5,3,3,533,Recent Customer
RTL1282,513,1,634709.0,2,1,5,215,At Risk
RTL1283,324,3,21334.14,3,3,5,335,Others
RTL1284,800,2,4182.79,1,2,2,122,At Risk
RTL1285,72,2,16881.0,5,2,4,524,Recent Customer
RTL1286,140,2,2549.44,4,2,2,422,Recent Customer
RTL1287,43,3,13702.74,5,3,4,534,Recent Customer
RTL1288,577,2,3555.98,1,2,2,122,At Risk
RTL1290,32,4,18121.95,5,4,4,544,Loyal Customer
RTL1291,253,1,1267.59,3,1,1,311,Others
RTL1292,201,1,2155440.0,3,1,5,315,Others
RTL1293,885,1,4390.88,1,1,2,112,At Risk
RTL1294,57,3,5014.879999999999,5,3,2,532,Recent Customer
RTL1295,304,1,854.03,3,1,1,311,Others
RTL1296,26,3,1913.71,5,3,1,531,Recent Customer
RTL1297,178,4,16134.49,4,4,4,444,Loyal Customer
RTL1298,839,1,6434.52,1,1,3,113,At Risk
RTL1299,28,2,6483.759999999999,5,2,3,523,Recent Customer
RTL1300,121,4,10102.05,4,4,3,443,Loyal Customer
RTL1301,279,2,5114.51,3,2,2,322,Others
RTL1302,957,2,14866.599999999999,1,2,4,124,At Risk
RTL1303,88,2,15569.539999999999,4,2,4,424,Recent Customer
RTL1304,520,2,3113.98,2,2,2,222,At Risk
RTL1305,583,1,3850.63,1,1,2,112,At Risk
RTL1306,31,1,11440.4,5,1,4,514,Recent Customer
RTL1307,239,2,8222.14,3,2,3,323,Others
RTL1308,260,4,11993.650000000001,3,4,4,344,Others
RTL1309,1002,1,4076.28,1,1,2,112,At Risk
RTL1310,670,1,3300.7,1,1,2,112,At Risk
RTL1312,108,3,16300.59,4,3,4,434,Recent Customer
RTL1313,862,1,289.93,1,1,1,111,At Risk
RTL1314,261,3,10722.179999999998,3,3,3,333,Others
RTL1315,202,2,1774.54,3,2,1,321,Others
RTL1316,297,1,6985.92,3,1,3,313,Others
RTL1317,182,3,13823.29,4,3,4,434,Recent Customer
RTL1318,404,2,5585.54,2,2,2,222,At Risk
RTL1319,284,1,220.54,3,1,1,311,Others
RTL1320,599,1,979.95,1,1,1,111,At Risk
RTL1321,415,1,10364.1,2,1,3,213,At Risk
RTL1322,749,3,20499.68,1,3,5,135,At Risk
RTL1323,163,2,776.15,4,2,1,421,Recent Customer
RTL1325,41,4,9650.68,5,4,3,543,Loyal Customer
RTL1326,281,2,2072.75,3,2,1,321,Others
RTL1328,307,3,30615.16,3,3,5,335,Others
RTL1329,107,2,11956.45,4,2,4,424,Recent Customer
RTL1330,72,2,2505.0099999999998,5,2,2,522,Recent Customer
RTL1331,455,2,6324.200000000001,2,2,3,223,At Risk
RTL1332,507,1,4171.42,2,1,2,212,At Risk
RTL1333,217,5,29466.56,3,5,5,355,Others
RTL1334,117,3,7364.03,4,3,3,433,Recent Customer
RTL1335,227,3,12901.02,3,3,4,334,Others
RTL1336,639,2,943.5999999999999,1,2,1,121,At Risk
RTL1337,128,6,20089.12,4,5,5,455,Loyal Customer
RTL1338,178,1,1664.86,4,1,1,411,Recent Customer
RTL1339,64,2,10184.67,5,2,3,523,Recent Customer
RTL1340,758,1,7406.12,1,1,3,113,At Risk
RTL1342,160,3,11896.99,4,3,4,434,Recent Customer
RTL1343,162,3,2206.43,4,3,1,431,Recent Customer
RTL1344,142,1,7578.62,4,1,3,413,Recent Customer
RTL1346,754,1,4163.59,1,1,2,112,At Risk
RTL1347,698,2,6605.549999999999,1,2,3,123,At Risk
RTL1348,157,3,4623.18,4,3,2,432,Recent Customer
RTL1349,35,6,19825.65,5,5,5,555,Champion
RTL1350,60,3,34182.11,5,3,5,535,Recent Customer
RTL1351,62,1,183.31,5,1,1,511,Recent Customer
RTL1352,418,2,5806.629999999999,2,2,2,222,At Risk
RTL1353,481,1,566.12,2,1,1,211,At Risk
RTL1354,87,3,2368.82,5,3,1,531,Recent Customer
RTL1355,82,1,42.11,5,1,1,511,Recent Customer
RTL1356,199,2,8043.9,3,2,3,323,Others
RTL1357,108,2,1105.76,4,2,1,421,Recent Customer
RTL1358,82,4,9633.96,5,4,3,543,Loyal Customer
RTL1359,343,1,3004.92,2,1,2,212,At Risk
RTL1360,1017,1,3554.6,1,1,2,112,At Risk
RTL1361,433,1,1633.8,2,1,1,211,At Risk
RTL1362,464,3,11959.79,2,3,4,234,At Risk
RTL1363,232,3,4040.36,3,3,2,332,Others
RTL1364,493,2,4504.39,2,2,2,222,At Risk
RTL1365,300,4,20437.28,3,4,5,345,Others
RTL1369,565,2,8242.9,1,2,3,123,At Risk
RTL1370,445,1,45660.8,2,1,5,215,At Risk
RTL1371,330,3,13607.59,3,3,4,334,Others
RTL1372,48,4,18189.76,5,4,4,544,Loyal Customer
RTL1374,313,1,670.03,3,1,1,311,Others
RTL1375,106,1,858.22,4,1,1,411,Recent Customer
RTL1376,345,4,34254.69,2,4,5,245,At Risk
RTL1377,281,2,1055851.3,3,2,5,325,Others
RTL1378,91,2,6295.2,4,2,3,423,Recent Customer
RTL1379,456,3,7512.299999999999,2,3,3,233,At Risk
RTL1380,978,1,1900.54,1,1,1,111,At Risk
RTL1381,265,4,37725.689999999995,3,4,5,345,Others
RTL1382,659,3,12166.58,1,3,4,134,At Risk
RTL1383,106,2,23060.4,4,2,5,425,Recent Customer
RTL1384,235,3,26359.649999999998,3,3,5,335,Others
RTL1385,203,3,9065.79,3,3,3,333,Others
RTL1386,140,2,7401.17,4,2,3,423,Recent Customer
RTL1387,955,1,1362.97,1,1,1,111,At Risk
RTL1388,198,4,12017.53,3,4,4,344,Others
RTL1389,832,1,2245.43,1,1,1,111,At Risk
RTL1392,61,2,156.9,5,2,1,521,Recent Customer
RTL1393,114,2,934.03,4,2,1,421,Recent Customer
RTL1394,183,1,2145.12,4,1,1,411,Recent Customer
RTL1395,476,1,5779.43,2,1,2,212,At Risk
RTL1396,322,3,985.66,3,3,1,331,Others
RTL1397,198,3,20629.4,3,3,5,335,Others
RTL1400,709,2,3676.62,1,2,2,122,At Risk
RTL1401,700,1,23806.7,1,1,5,115,At Risk
RTL1402,114,1,4777.65,4,1,2,412,Recent Customer
RTL1403,828,1,10493.1,1,1,3,113,At Risk
RTL1404,189,3,16152.490000000002,4,3,4,434,Recent Customer
RTL1405,5,1,4219.64,5,1,2,512,Recent Customer
RTL1406,644,2,13936.74,1,2,4,124,At Risk
RTL1407,863,1,8844.66,1,1,3,113,At Risk
RTL1408,116,3,3233.67,4,3,2,432,Recent Customer
RTL1409,56,4,7867.65,5,4,3,543,Loyal Customer
RTL1410,222,3,9635.05,3,3,3,333,Others
RTL1411,157,3,7335.98,4,3,3,433,Recent Customer
RTL1412,228,3,2905.87,3,3,2,332,Others
RTL1413,90,2,922.99,4,2,1,421,Recent Customer
RTL1414,452,2,29241.57,2,2,5,225,At Risk
RTL1415,159,4,14511.96,4,4,4,444,Loyal Customer
RTL1416,145,5,630014.86,4,5,5,455,Loyal Customer
RTL1417,328,2,3849.8999999999996,3,2,2,322,Others
RTL1418,250,7,23520.21,3,5,5,355,Others
RTL1419,403,2,9313.01,2,2,3,223,At Risk
RTL1420,723,2,5369.23,1,2,2,122,At Risk
RTL1421,669,3,6000.93,1,3,2,132,At Risk
RTL1422,184,3,8665.85,4,3,3,433,Recent Customer
RTL1423,932,1,220.17,1,1,1,111,At Risk
RTL1424,36,4,6503.780000000001,5,4,3,543,Loyal Customer
RTL1425,36,4,3117.29,5,4,2,542,Loyal Customer
RTL1426,3,6,15719.77,5,5,4,554,Loyal Customer
RTL1427,269,3,15599.28,3,3,4,334,Others
RTL1428,365,2,6535.82,2,2,3,223,At Risk
RTL1429,658,2,2139.95,1,2,1,121,At Risk
RTL1430,134,2,5782.67,4,2,2,422,Recent Customer
RTL1431,205,6,21423.87,3,5,5,355,Others
RTL1432,195,3,18254.56,3,3,4,334,Others
RTL1434,465,3,10480.85,2,3,3,233,At Risk
RTL1435,271,2,5173.139999999999,3,2,2,322,Others
RTL1436,240,1,252353.0,3,1,5,315,Others
RTL1437,885,1,8882.46,1,1,3,113,At Risk
RTL1438,121,2,21244.91,4,2,5,425,Recent Customer
RTL1439,109,2,8157.76,4,2,3,423,Recent Customer
RTL1440,106,3,18307.93,4,3,4,434,Recent Customer
RTL1441,123,2,6062.01,4,2,3,423,Recent Customer
RTL1442,626,3,13822.7,1,3,4,134,At Risk
RTL1443,158,3,8726.08,4,3,3,433,Recent Customer
RTL1444,185,3,6471.73,4,3,3,433,Recent Customer
RTL1445,393,2,19793.98,2,2,5,225,At Risk
RTL1446,45,4,23167.64,5,4,5,545,Loyal Customer
RTL1447,84,4,7088.96,5,4,3,543,Loyal Customer
RTL1448,208,2,4536.36,3,2,2,322,Others
RTL1449,206,2,11193.42,3,2,4,324,Others
RTL1450,270,2,451.84000000000003,3,2,1,321,Others
RTL1451,130,3,13532.47,4,3,4,434,Recent Customer
RTL1452,115,5,13115.029999999999,4,5,4,454,Loyal Customer
RTL1453,489,3,20079.079999999998,2,3,5,235,At Risk
RTL1455,659,2,506.84,1,2,1,121,At Risk
RTL1456,115,1,18539.6,4,1,4,414,Recent Customer
RTL1457,236,5,22984.96,3,5,5,355,Others
RTL1458,235,3,6369.0,3,3,3,333,Others
RTL1459,113,6,24027.55,4,5,5,455,Loyal Customer
RTL1461,429,2,4298.3,2,2,2,222,At Risk
RTL1463,117,4,13795.17,4,4,4,444,Loyal Customer
RTL1464,125,2,3631.23,4,2,2,422,Recent Customer
RTL1465,95,2,3454.12,4,2,2,422,Recent Customer
RTL1466,504,2,10349.48,2,2,3,223,At Risk
RTL1467,468,3,10581.11,2,3,3,233,At Risk
RTL1468,36,3,10015.57,5,3,3,533,Recent Customer
RTL1469,435,1,1253.52,2,1,1,211,At Risk
RTL1470,897,2,11664.55,1,2,4,124,At Risk
RTL1472,263,2,7579.18,3,2,3,323,Others
RTL1473,46,4,1192460.61,5,4,5,545,Loyal Customer
RTL1475,881,2,779124.0,1,2,5,125,At Risk
RTL1476,150,2,3054.6099999999997,4,2,2,422,Recent Customer
RTL1477,180,1,2934.26,4,1,2,412,Recent Customer
RTL1478,504,2,5216.389999999999,2,2,2,222,At Risk
RTL1479,307,1,73.56,3,1,1,311,Others
RTL1480,232,3,6934.75,3,3,3,333,Others
RTL1481,724,1,375.98,1,1,1,111,At Risk
RTL1484,261,5,17846.44,3,5,4,354,Others
RTL1485,108,3,1878851.1,4,3,5,435,Recent Customer
RTL1486,101,1,520.65,4,1,1,411,Recent Customer
RTL1487,298,3,6236.37,3,3,3,333,Others
RTL1488,17,3,13518.449999999999,5,3,4,534,Recent Customer
RTL1489,18,3,18710.82,5,3,4,534,Recent Customer
RTL1490,66,4,4374.38,5,4,2,542,Loyal Customer
RTL1491,353,4,3595.95,2,4,2,242,At Risk
RTL1492,268,6,2284075.08,3,5,5,355,Others
RTL1493,257,1,1873.84,3,1,1,311,Others
RTL1495,117,3,1936.59,4,3,1,431,Recent Customer
RTL1496,108,1,5806.97,4,1,2,412,Recent Customer
RTL1497,911,1,13014.0,1,1,4,114,At Risk
RTL1498,63,1,6981.83,5,1,3,513,Recent Customer
RTL1499,22,3,15342.16,5,3,4,534,Recent Customer
RTL1501,149,5,22047.34,4,5,5,455,Loyal Customer
RTL1502,16,1,700.26,5,1,1,511,Recent Customer
RTL1503,918,1,11476.7,1,1,4,114,At Risk
RTL1504,177,2,16273.17,4,2,4,424,Recent Customer
RTL1505,174,3,64944.979999999996,4,3,5,435,Recent Customer
RTL1506,850,2,13741.75,1,2,4,124,At Risk
RTL1507,279,3,179071.44,3,3,5,335,Others
RTL1508,361,3,326633.1,2,3,5,235,At Risk
RTL1509,147,3,17987.8,4,3,4,434,Recent Customer
RTL1510,89,6,10192.17,4,5,3,453,Loyal Customer
RTL1511,411,2,10971.33,2,2,3,223,At Risk
RTL1512,197,4,18260.35,3,4,4,344,Others
RTL1513,114,3,9611.37,4,3,3,433,Recent Customer
RTL1514,200,2,681.67,3,2,1,321,Others
RTL1516,353,1,583.02,2,1,1,211,At Risk
RTL1517,881,1,10931.8,1,1,3,113,At Risk
RTL1518,54,4,19415.66,5,4,5,545,Loyal Customer
RTL1519,101,2,4001.67,4,2,2,422,Recent Customer
RTL1521,484,1,9306.9,2,1,3,213,At Risk
RTL1522,38,4,8065.76,5,4,3,543,Loyal Customer
RTL1524,439,2,1326.3000000000002,2,2,1,221,At Risk
RTL1525,492,1,12639.7,2,1,4,214,At Risk
RTL1526,271,2,3899.89,3,2,2,322,Others
RTL1527,633,3,9519.53,1,3,3,133,At Risk
RTL1528,186,3,7703.9,4,3,3,433,Recent Customer
RTL1529,297,3,6822.49,3,3,3,333,Others
RTL1530,145,5,8616.49,4,5,3,453,Loyal Customer
RTL1531,226,4,12221.66,3,4,4,344,Others
RTL1532,319,2,21185.15,3,2,5,325,Others
RTL1533,164,3,13446.939999999999,4,3,4,434,Recent Customer
RTL1534,1,7,40352.770000000004,5,5,5,555,Champion
RTL1535,54,2,3611.79,5,2,2,522,Recent Customer
RTL1536,613,2,1213.51,1,2,1,121,At Risk
RTL1538,220,2,3738.24,3,2,2,322,Others
RTL1539,799,1,7248.54,1,1,3,113,At Risk
RTL1541,473,2,4832.1,2,2,2,222,At Risk
RTL1542,522,3,2521.47,2,3,2,232,At Risk
RTL1543,418,3,8213.09,2,3,3,233,At Risk
RTL1545,153,4,4456.35,4,4,2,442,Loyal Customer
RTL1546,110,7,931963.99,4,5,5,455,Loyal Customer
RTL1547,233,2,13860.44,3,2,4,324,Others
RTL1548,299,3,8136.26,3,3,3,333,Others
RTL1549,945,1,4327.14,1,1,2,112,At Risk
RTL1550,478,2,130.58,2,2,1,221,At Risk
RTL1551,137,3,17498.67,4,3,4,434,Recent Customer
RTL1552,140,5,21600.329999999998,4,5,5,455,Loyal Customer
RTL1553,172,3,4111.03,4,3,2,432,Recent Customer
RTL1554,150,2,16256.619999999999,4,2,4,424,Recent Customer
RTL1555,301,3,18501.72,3,3,4,334,Others
RTL1556,86,7,20677.37,5,5,5,555,Champion
RTL1557,831,1,372.06,1,1,1,111,At Risk
RTL1558,113,1,165.41,4,1,1,411,Recent Customer
RTL1559,947,1,6464.24,1,1,3,113,At Risk
RTL1560,181,4,33871.700000000004,4,4,5,445,Loyal Customer
RTL1561,119,4,7107819.09,4,4,5,445,Loyal Customer
RTL1562,332,4,30927.77,3,4,5,345,Others
RTL1563,99,1,6358.97,4,1,3,413,Recent Customer
RTL1564,172,3,18009.96,4,3,4,434,Recent Customer
RTL1565,707,2,2933.71,1,2,2,122,At Risk
RTL1566,14,6,29132.5,5,5,5,555,Champion
RTL1567,243,2,2134.08,3,2,1,321,Others
RTL1569,950,2,412218.0,1,2,5,125,At Risk
RTL1570,197,3,9483.29,3,3,3,333,Others
RTL1571,963,1,1069.32,1,1,1,111,At Risk
RTL1572,435,3,4776.71,2,3,2,232,At Risk
RTL1573,831,1,475.61,1,1,1,111,At Risk
RTL1574,196,3,11365.07,3,3,4,334,Others
RTL1575,351,5,17304.14,2,5,4,254,At Risk
RTL1576,183,4,7097.15,4,4,3,443,Loyal Customer
RTL1577,496,2,12940.07,2,2,4,224,At Risk
RTL1578,49,2,7184.41,5,2,3,523,Recent Customer
RTL1579,2,5,23008.03,5,5,5,555,Champion
RTL1580,172,3,5135.04,4,3,2,432,Recent Customer
RTL1581,189,1,685.87,4,1,1,411,Recent Customer
RTL1582,701,3,10247.89,1,3,3,133,At Risk
RTL1583,512,3,20689.25,2,3,5,235,At Risk
RTL1584,139,2,5273.0199999999995,4,2,2,422,Recent Customer
RTL1585,393,3,8088.1,2,3,3,233,At Risk
RTL1586,343,5,33262.03,2,5,5,255,At Risk
RTL1587,313,3,10767.109999999999,3,3,3,333,Others
RTL1589,20,2,5787.92,5,2,2,522,Recent Customer
RTL1590,1,6,15459.140000000001,5,5,4,554,Loyal Customer
RTL1591,407,2,2112.4300000000003,2,2,1,221,At Risk
RTL1592,104,2,5452.15,4,2,2,422,Recent Customer
RTL1593,34,2,1503.57,5,2,1,521,Recent Customer
RTL1594,150,3,11041.66,4,3,4,434,Recent Customer
RTL1595,230,3,16467.91,3,3,4,334,Others
RTL1596,304,1,7503.86,3,1,3,313,Others
RTL1597,324,1,1604.5,3,1,1,311,Others
RTL1598,172,1,8790.47,4,1,3,413,Recent Customer
RTL1599,440,1,8353.63,2,1,3,213,At Risk
RTL1600,63,1,9103.84,5,1,3,513,Recent Customer
RTL1602,64,2,15364.55,5,2,4,524,Recent Customer
RTL1603,31,4,9814.779999999999,5,4,3,543,Loyal Customer
RTL1604,499,2,9413.96,2,2,3,223,At Risk
RTL1605,196,4,11956.74,3,4,4,344,Others
RTL1606,19,5,15865.97,5,5,4,554,Loyal Customer
RTL1607,120,4,15452.82,4,4,4,444,Loyal Customer
RTL1608,718,2,8752.09,1,2,3,123,At Risk
RTL1609,785,3,6050.629999999999,1,3,3,133,At Risk
RTL1610,91,5,24710.04,4,5,5,455,Loyal Customer
RTL1611,180,1,1307.95,4,1,1,411,Recent Customer
RTL1612,96,6,45931.57,4,5,5,455,Loyal Customer
RTL1613,280,3,9676.650000000001,3,3,3,333,Others
RTL1614,145,3,11777.990000000002,4,3,4,434,Recent Customer
RTL1615,432,3,5490.28,2,3,2,232,At Risk
RTL1616,535,1,370.59,2,1,1,211,At Risk
RTL1618,853,3,13085.119999999999,1,3,4,134,At Risk
RTL1619,440,1,4093.67,2,1,2,212,At Risk
RTL1620,599,1,337.86,1,1,1,111,At Risk
RTL1621,538,3,17004.4,2,3,4,234,At Risk
RTL1622,487,1,8202.64,2,1,3,213,At Risk
RTL1623,173,3,17695.010000000002,4,3,4,434,Recent Customer
RTL1624,470,1,13313.9,2,1,4,214,At Risk
RTL1625,36,5,16882.469999999998,5,5,4,554,Loyal Customer
RTL1626,466,1,1160.41,2,1,1,211,At Risk
RTL1628,46,1,220.19,5,1,1,511,Recent Customer
RTL1629,626,2,20006.239999999998,1,2,5,125,At Risk
RTL1630,792,1,56.8,1,1,1,111,At Risk
RTL1631,153,3,17805.6,4,3,4,434,Recent Customer
RTL1632,315,1,2077.69,3,1,1,311,Others
RTL1633,173,2,9206.42,4,2,3,423,Recent Customer
RTL1634,151,2,569.0699999999999,4,2,1,421,Recent Customer
RTL1636,368,5,10203.14,2,5,3,253,At Risk
RTL1637,161,3,12110.05,4,3,4,434,Recent Customer
RTL1639,155,6,11485.65,4,5,4,454,Loyal Customer
RTL1640,855,1,89.2,1,1,1,111,At Risk
RTL1641,70,2,12343.95,5,2,4,524,Recent Customer
RTL1642,413,1,7731.18,2,1,3,213,At Risk
RTL1643,153,2,7799.2699999999995,4,2,3,423,Recent Customer
RTL1644,97,3,439.7,4,3,1,431,Recent Customer
RTL1646,193,6,846583.31,3,5,5,355,Others
RTL1647,155,2,4597.62,4,2,2,422,Recent Customer
RTL1648,136,1,141.08,4,1,1,411,Recent Customer
RTL1649,618,1,1580.38,1,1,1,111,At Risk
RTL1650,312,6,20718.309999999998,3,5,5,355,Others
RTL1651,252,3,25181.39,3,3,5,335,Others
RTL1652,857,1,6817.95,1,1,3,113,At Risk
RTL1653,451,2,6572.360000000001,2,2,3,223,At Risk
RTL1654,626,2,5560.26,1,2,2,122,At Risk
RTL1655,247,1,352.53,3,1,1,311,Others
RTL1656,796,2,17959.13,1,2,4,124,At Risk
RTL1657,286,2,5036.51,3,2,2,322,Others
RTL1658,224,6,236613.21,3,5,5,355,Others
RTL1660,65,2,115041.53,5,2,5,525,Recent Customer
RTL1661,215,5,17893.07,3,5,4,354,Others
RTL1662,424,4,15065.66,2,4,4,244,At Risk
RTL1663,467,2,12402.7,2,2,4,224,At Risk
RTL1664,47,5,36523.65,5,5,5,555,Champion
RTL1665,798,1,3627.68,1,1,2,112,At Risk
RTL1666,611,4,2119.15,1,4,1,141,At Risk
RTL1667,483,2,1531.61,2,2,1,221,At Risk
RTL1668,29,1,2890.53,5,1,2,512,Recent Customer
RTL1669,207,1,3216.56,3,1,2,312,Others
RTL1670,466,2,2976.3599999999997,2,2,2,222,At Risk
RTL1671,581,2,2533.1800000000003,1,2,2,122,At Risk
RTL1673,140,4,11875.380000000001,4,4,4,444,Loyal Customer
RTL1674,159,2,6529.17,4,2,3,423,Recent Customer
RTL1677,161,1,4938.24,4,1,2,412,Recent Customer
RTL1678,92,4,4865.5,4,4,2,442,Loyal Customer
RTL1679,461,2,5328.25,2,2,2,222,At Risk
RTL1680,320,4,31301.770000000004,3,4,5,345,Others
RTL1682,974,1,1129.99,1,1,1,111,At Risk
RTL1683,365,1,2338.27,2,1,1,211,At Risk
RTL1684,719,1,3715.56,1,1,2,112,At Risk
RTL1686,973,1,1406.89,1,1,1,111,At Risk
RTL1687,732,2,3400.83,1,2,2,122,At Risk
RTL1688,31,4,9739.05,5,4,3,543,Loyal Customer
RTL1689,408,2,18786.06,2,2,5,225,At Risk
RTL1690,373,2,2346.39,2,2,1,221,At Risk
RTL1691,902,1,189.49,1,1,1,111,At Risk
RTL1692,1001,1,12934.8,1,1,4,114,At Risk
RTL1693,462,4,5845.62,2,4,2,242,At Risk
RTL1694,254,3,9921.48,3,3,3,333,Others
RTL1695,540,2,1706.6299999999999,2,2,1,221,At Risk
RTL1696,699,1,16.89,1,1,1,111,At Risk
RTL1697,120,3,1176117.53,4,3,5,435,Recent Customer
RTL1698,123,3,2361.42,4,3,1,431,Recent Customer
RTL1699,53,2,191890.48,5,2,5,525,Recent Customer
RTL1700,34,2,12708.29,5,2,4,524,Recent Customer
RTL1701,214,2,110869.37,3,2,5,325,Others
RTL1702,532,4,22686.59,2,4,5,245,At Risk
RTL1703,460,3,18328.25,2,3,4,234,At Risk
RTL1704,496,1,13157.7,2,1,4,214,At Risk
RTL1705,543,2,10120.39,2,2,3,223,At Risk
RTL1706,258,3,186266.85,3,3,5,335,Others
RTL1707,869,2,1098.55,1,2,1,121,At Risk
RTL1709,425,2,7354.03,2,2,3,223,At Risk
RTL1710,657,2,2833.04,1,2,2,122,At Risk
RTL1711,283,2,3538.32,3,2,2,322,Others
RTL1712,182,1,681.14,4,1,1,411,Recent Customer
RTL1713,257,1,142.8,3,1,1,311,Others
RTL1714,347,4,14493.94,2,4,4,244,At Risk
RTL1715,745,1,1079.36,1,1,1,111,At Risk
RTL1716,468,2,2619.16,2,2,2,222,At Risk
RTL1717,678,3,735643.93,1,3,5,135,At Risk
RTL1718,341,2,15936.74,2,2,4,224,At Risk
RTL1719,189,2,12013.369999999999,4,2,4,424,Recent Customer
RTL1720,364,5,25799.11,2,5,5,255,At Risk
RTL1721,839,2,13757.699999999999,1,2,4,124,At Risk
RTL1722,387,4,831175.66,2,4,5,245,At Risk
RTL1723,11,3,2421.9500000000003,5,3,2,532,Recent Customer
RTL1724,97,4,9845.92,4,4,3,443,Loyal Customer
RTL1725,211,3,5850.4400000000005,3,3,2,332,Others
RTL1726,790,1,289.89,1,1,1,111,At Risk
RTL1727,56,4,9565.5,5,4,3,543,Loyal Customer
RTL1728,149,2,11578.91,4,2,4,424,Recent Customer
RTL1729,100,1,2473.72,4,1,2,412,Recent Customer
RTL1730,285,4,26367.29,3,4,5,345,Others
RTL1731,68,2,11175.849999999999,5,2,4,524,Recent Customer
RTL1732,207,2,52419.159999999996,3,2,5,325,Others
RTL1733,193,4,19189.45,3,4,5,345,Others
RTL1734,402,2,3429.6,2,2,2,222,At Risk
RTL1735,382,3,17463.71,2,3,4,234,At Risk
RTL1737,693,3,771580.7999999999,1,3,5,135,At Risk
RTL1738,427,2,6348.530000000001,2,2,3,223,At Risk
RTL1740,62,3,8969.93,5,3,3,533,Recent Customer
RTL1741,233,4,16196.43,3,4,4,344,Others
RTL1744,433,4,18777.57,2,4,5,245,At Risk
RTL1745,254,2,5980.9,3,2,2,322,Others
RTL1746,93,4,8247.15,4,4,3,443,Loyal Customer
RTL1747,168,1,988.99,4,1,1,411,Recent Customer
RTL1749,20,4,8805.59,5,4,3,543,Loyal Customer
RTL1751,448,1,3120.69,2,1,2,212,At Risk
RTL1752,26,2,3522.46,5,2,2,522,Recent Customer
RTL1753,114,4,21097.8,4,4,5,445,Loyal Customer
RTL1754,474,1,38499.8,2,1,5,215,At Risk
RTL1755,771,1,1649.42,1,1,1,111,At Risk
RTL1756,194,3,7905.41,3,3,3,333,Others
RTL1757,108,4,10328.3,4,4,3,443,Loyal Customer
RTL1758,145,3,3536.7500000000005,4,3,2,432,Recent Customer
RTL1759,184,2,6518.53,4,2,3,423,Recent Customer
RTL1760,217,3,25182.03,3,3,5,335,Others
RTL1761,271,3,20073.87,3,3,5,335,Others
RTL1762,211,2,1775.3300000000002,3,2,1,321,Others
RTL1763,153,4,10362.02,4,4,3,443,Loyal Customer
RTL1764,102,7,23974.11,4,5,5,455,Loyal Customer
RTL1765,582,1,6056.42,1,1,3,113,At Risk
RTL1766,373,4,11204.1,2,4,4,244,At Risk
RTL1767,826,1,253.01,1,1,1,111,At Risk
RTL1769,125,1,10161.2,4,1,3,413,Recent Customer
RTL1770,299,3,1517.47,3,3,1,331,Others
RTL1772,271,5,3791502.87,3,5,5,355,Others
RTL1773,189,2,7267.25,4,2,3,423,Recent Customer
RTL1774,155,7,33658.5,4,5,5,455,Loyal Customer
RTL1775,325,1,1644.3,3,1,1,311,Others
RTL1776,280,4,7194.21,3,4,3,343,Others
RTL1777,185,4,6229.7,4,4,3,443,Loyal Customer
RTL1778,442,2,18834.0,2,2,5,225,At Risk
RTL1779,61,3,2518.6099999999997,5,3,2,532,Recent Customer
RTL1781,322,2,12794.25,3,2,4,324,Others
RTL1782,259,4,12873.66,3,4,4,344,Others
RTL1783,129,3,10129.91,4,3,3,433,Recent Customer
RTL1784,282,1,1467.19,3,1,1,311,Others
RTL1785,416,2,9396.14,2,2,3,223,At Risk
RTL1786,172,2,8700.59,4,2,3,423,Recent Customer
RTL1787,245,4,18094.100000000002,3,4,4,344,Others
RTL1789,135,1,361.75,4,1,1,411,Recent Customer
RTL1790,282,5,33147.68,3,5,5,355,Others
RTL1791,180,2,1792.05,4,2,1,421,Recent Customer
RTL1792,52,4,16933.74,5,4,4,544,Loyal Customer
RTL1793,854,1,555.68,1,1,1,111,At Risk
RTL1794,42,4,229435.15,5,4,5,545,Loyal Customer
RTL1796,54,1,3078.72,5,1,2,512,Recent Customer
RTL1797,39,3,12313.12,5,3,4,534,Recent Customer
RTL1798,419,2,19270.07,2,2,5,225,At Risk
RTL1799,297,2,1650.74,3,2,1,321,Others
RTL1800,349,3,4720.6900000000005,2,3,2,232,At Risk
RTL1801,61,2,4777.81,5,2,2,522,Recent Customer
RTL1802,262,2,2639.8399999999997,3,2,2,322,Others
RTL1803,816,1,5639.45,1,1,2,112,At Risk
RTL1804,655,1,204.53,1,1,1,111,At Risk
RTL1805,250,6,38368.020000000004,3,5,5,355,Others
RTL1806,31,2,2985.22,5,2,2,522,Recent Customer
RTL1807,248,2,4945.46,3,2,2,322,Others
RTL1808,153,4,13143.289999999999,4,4,4,444,Loyal Customer
RTL1809,169,2,8214.529999999999,4,2,3,423,Recent Customer
RTL1810,193,5,13044.57,3,5,4,354,Others
RTL1811,148,2,10105.58,4,2,3,423,Recent Customer
RTL1812,90,1,6839.28,4,1,3,413,Recent Customer
RTL1813,64,5,16038.58,5,5,4,554,Loyal Customer
RTL1814,71,3,3355.73,5,3,2,532,Recent Customer
RTL1815,65,2,8206.369999999999,5,2,3,523,Recent Customer
RTL1816,628,1,58.05,1,1,1,111,At Risk
RTL1817,193,3,13278.66,3,3,4,334,Others
RTL1818,325,3,4605.75,3,3,2,332,Others
RTL1819,304,2,3943.06,3,2,2,322,Others
RTL1821,154,2,5024.01,4,2,2,422,Recent Customer
RTL1822,580,3,1621.2,1,4,1,141,At Risk
RTL1823,39,3,22531.59,5,4,5,545,Loyal Customer
RTL1824,202,3,13040.82,3,4,4,344,Others
RTL1827,10,3,1687282.67,5,4,5,545,Loyal Customer
RTL1828,861,1,299.27,1,1,1,111,At Risk
RTL1830,241,2,957.28,3,2,1,321,Others
RTL1831,667,2,13379.98,1,2,4,124,At Risk
RTL1832,642,3,13008.93,1,4,4,144,At Risk
RTL1833,804,2,1135.58,1,2,1,121,At Risk
RTL1834,576,1,709.07,1,1,1,111,At Risk
RTL1835,887,1,840.45,1,1,1,111,At Risk
RTL1836,295,2,2284.54,3,2,1,321,Others
RTL1837,309,1,17199.6,3,1,4,314,Others
RTL1838,338,1,4059.97,2,1,2,212,At Risk
RTL1839,29,1,587.99,5,1,1,511,Recent Customer
RTL1840,41,5,20615.85,5,5,5,555,Champion
RTL1841,361,1,2637.04,2,1,2,212,At Risk
RTL1842,805,3,1439.4,1,4,1,141,At Risk
RTL1843,852,2,12882.71,1,2,4,124,At Risk
RTL1844,107,3,20033.49,4,4,5,445,Loyal Customer
RTL1846,26,2,2668.01,5,2,2,522,Recent Customer
RTL1847,345,3,4506.39,2,4,2,242,At Risk
RTL1848,574,2,11887.46,1,2,4,124,At Risk
RTL1849,603,1,1155.71,1,1,1,111,At Risk
RTL1852,69,1,12722.2,5,1,4,514,Recent Customer
RTL1853,711,2,1784.74,1,2,1,121,At Risk
RTL1854,59,3,4378.42,5,4,2,542,Loyal Customer
RTL1855,6,2,10400.039999999999,5,2,3,523,Recent Customer
RTL1856,258,3,14621.72,3,4,4,344,Others
RTL1857,251,4,15616.59,3,4,4,344,Others
RTL1859,135,4,17140.71,4,4,4,444,Loyal Customer
RTL1860,348,1,418.86,2,1,1,211,At Risk
RTL1861,247,3,18167.34,3,4,4,344,Others
RTL1862,214,4,18671.760000000002,3,4,4,344,Others
RTL1863,570,2,2737.9300000000003,1,2,2,122,At Risk
RTL1864,751,1,589.85,1,1,1,111,At Risk
RTL1865,66,3,6982.26,5,4,3,543,Loyal Customer
RTL1866,936,1,982824.0,1,1,5,115,At Risk
RTL1867,754,2,2967.9700000000003,1,2,2,122,At Risk
RTL1868,138,2,3894.58,4,2,2,422,Recent Customer
RTL1869,112,3,19557.92,4,4,5,445,Loyal Customer
RTL1871,187,6,38888.64,4,5,5,455,Loyal Customer
RTL1872,431,4,13705.66,2,4,4,244,At Risk
RTL1873,451,1,4734.0,2,1,2,212,At Risk
RTL1874,7,5,35394.4,5,5,5,555,Champion
RTL1875,121,2,1113.1999999999998,4,2,1,421,Recent Customer
RTL1876,672,3,12512.23,1,4,4,144,At Risk
RTL1877,946,1,3427.43,1,1,2,112,At Risk
RTL1878,55,2,2131.9500000000003,5,2,1,521,Recent Customer
RTL1879,418,3,6861.87,2,4,3,243,At Risk
RTL1880,714,1,11371.0,1,1,4,114,At Risk
RTL1881,875,1,494.8,1,1,1,111,At Risk
RTL1882,112,5,1383236.55,4,5,5,455,Loyal Customer
RTL1883,469,1,3313.4,2,1,2,212,At Risk
RTL1884,198,3,7303.79,3,4,3,343,Others
RTL1885,38,3,60016.8,5,4,5,545,Loyal Customer
RTL1886,992,1,246.41,1,1,1,111,At Risk
RTL1887,631,1,776.48,1,1,1,111,At Risk
RTL1888,29,3,13540.960000000001,5,4,4,544,Loyal Customer
RTL1889,39,3,16181.640000000001,5,4,4,544,Loyal Customer
RTL1891,60,3,4451.93,5,4,2,542,Loyal Customer
RTL1892,237,2,9076.949999999999,3,2,3,323,Others
RTL1893,61,5,6228.5,5,5,3,553,Loyal Customer
RTL1894,154,5,29858.04,4,5,5,455,Loyal Customer
RTL1895,493,2,3085.81,2,2,2,222,At Risk
RTL1896,168,3,13084.16,4,4,4,444,Loyal Customer
RTL1897,350,5,16983.51,2,5,4,254,At Risk
RTL1898,168,5,25786.06,4,5,5,455,Loyal Customer
RTL1899,163,1,234.61,4,1,1,411,Recent Customer
RTL1900,133,2,1514.32,4,2,1,421,Recent Customer
RTL1901,309,1,5705.21,3,1,2,312,Others
RTL1902,357,1,10512.2,2,1,3,213,At Risk
RTL1903,753,1,547.75,1,1,1,111,At Risk
RTL1904,541,1,2100.38,2,1,1,211,At Risk
RTL1905,515,1,12648.7,2,1,4,214,At Risk
RTL1906,154,3,17138.3,4,4,4,444,Loyal Customer
RTL1907,114,2,4198.43,4,2,2,422,Recent Customer
RTL1908,89,2,11352.630000000001,4,2,4,424,Recent Customer
RTL1909,42,3,1504113.01,5,4,5,545,Loyal Customer
RTL1910,284,4,7975.549999999999,3,4,3,343,Others
RTL1911,357,6,32238.4,2,5,5,255,At Risk
RTL1913,384,2,8428.53,2,2,3,223,At Risk
RTL1914,609,1,1192.59,1,1,1,111,At Risk
RTL1915,55,4,14367.73,5,4,4,544,Loyal Customer
RTL1916,294,5,19309.67,3,5,5,355,Others
RTL1917,297,1,12856.5,3,1,4,314,Others
RTL1918,622,3,28027.47,1,4,5,145,At Risk
RTL1919,176,2,9695.37,4,2,3,423,Recent Customer
RTL1921,147,2,17169.9,4,2,4,424,Recent Customer
RTL1922,638,1,10311.6,1,1,3,113,At Risk
RTL1923,173,4,38250.119999999995,4,4,5,445,Loyal Customer
RTL1924,4,3,2235.7,5,4,1,541,Loyal Customer
RTL1925,748,1,457.11,1,1,1,111,At Risk
RTL1926,32,3,12055.42,5,4,4,544,Loyal Customer
RTL1927,203,1,989.16,3,1,1,311,Others
RTL1928,399,3,932.2,2,4,1,241,At Risk
RTL1929,212,3,4529.23,3,4,2,342,Others
RTL1930,293,2,3987.76,3,2,2,322,Others
RTL1931,548,3,16578.36,2,4,4,244,At Risk
RTL1932,75,5,27358.829999999998,5,5,5,555,Champion
RTL1933,314,2,11932.26,3,2,4,324,Others
RTL1934,69,3,5101.84,5,4,2,542,Loyal Customer
RTL1935,529,1,1225.49,2,1,1,211,At Risk
RTL1936,303,5,1463559.25,3,5,5,355,Others
RTL1937,34,2,12617.4,5,2,4,524,Recent Customer
RTL1938,315,4,10474.300000000001,3,4,3,343,Others
RTL1939,667,2,15021.28,1,2,4,124,At Risk
RTL1940,129,2,2424.82,4,2,2,422,Recent Customer
RTL1941,154,4,6224.84,4,4,3,443,Loyal Customer
RTL1942,7,7,26565.35,5,5,5,555,Champion
RTL1943,197,2,2511.94,3,2,2,322,Others
RTL1944,374,2,8177.21,2,2,3,223,At Risk
RTL1945,19,3,8271.3,5,4,3,543,Loyal Customer
RTL1946,342,2,8858.49,2,2,3,223,At Risk
RTL1947,535,3,4993.75,2,4,2,242,At Risk
RTL1948,335,1,1848.65,3,1,1,311,Others
RTL1949,27,4,14907.73,5,4,4,544,Loyal Customer
RTL1950,473,4,15842.05,2,4,4,244,At Risk
RTL1951,333,3,8193.0,3,4,3,343,Others
RTL1952,219,4,12828.22,3,4,4,344,Others
RTL1953,35,6,1360223.5999999999,5,5,5,555,Champion
RTL1954,305,2,3531.1800000000003,3,2,2,322,Others
RTL1955,93,6,18179.13,4,5,4,454,Loyal Customer
RTL1956,397,2,534545.48,2,2,5,225,At Risk
RTL1957,57,3,20694.86,5,4,5,545,Loyal Customer
RTL1959,85,1,652.53,5,1,1,511,Recent Customer
RTL1960,240,2,855.69,3,2,1,321,Others
RTL1961,148,2,818107.68,4,2,5,425,Recent Customer
RTL1962,347,1,241.67,2,1,1,211,At Risk
RTL1963,494,2,2095.46,2,2,1,221,At Risk
RTL1964,1003,1,460.51,1,1,1,111,At Risk
RTL1965,303,2,11507.85,3,2,4,324,Others
RTL1966,410,3,34242.0,2,4,5,245,At Risk
RTL1967,187,6,16232.220000000001,4,5,4,454,Loyal Customer
RTL1968,233,2,8296.04,3,2,3,323,Others
RTL1969,222,5,2111495.62,3,5,5,355,Others
RTL1970,699,1,5279.36,1,1,2,112,At Risk
RTL1971,893,2,13358.82,1,2,4,124,At Risk
RTL1972,590,1,3640.01,1,1,2,112,At Risk
RTL1973,110,2,24724.199999999997,4,2,5,425,Recent Customer
RTL1974,233,4,19730.61,3,4,5,345,Others
RTL1975,70,5,14798.59,5,5,4,554,Loyal Customer
RTL1976,87,3,13946.570000000002,5,4,4,544,Loyal Customer
RTL1977,937,1,4066.57,1,1,2,112,At Risk
RTL1978,119,3,1307389.54,4,4,5,445,Loyal Customer
RTL1979,30,3,6477.85,5,4,3,543,Loyal Customer
RTL1980,671,1,38.55,1,1,1,111,At Risk
RTL1981,242,1,2195.21,3,1,1,311,Others
RTL1982,383,2,7899.58,2,2,3,223,At Risk
RTL1983,225,3,25547.329999999998,3,4,5,345,Others
RTL1984,492,3,24280.53,2,4,5,245,At Risk
RTL1985,263,3,9720.119999999999,3,4,3,343,Others
RTL1986,515,3,7603.51,2,4,3,243,At Risk
RTL1987,380,2,8841.59,2,2,3,223,At Risk
RTL1988,459,1,5066.36,2,1,2,212,At Risk
RTL1989,903,1,1350.58,1,1,1,111,At Risk
RTL1990,163,3,25806.760000000002,4,4,5,445,Loyal Customer
RTL1991,39,4,26174.79,5,5,5,555,Champion
RTL1993,25,1,2489.7,5,1,2,512,Recent Customer
RTL1994,746,2,10346.12,1,2,3,123,At Risk
RTL1995,976,2,12475.81,1,2,4,124,At Risk
RTL1996,351,1,890.26,2,1,1,211,At Risk
RTL1997,714,1,2975.94,1,1,2,112,At Risk
RTL1998,97,2,5261.15,4,2,2,422,Recent Customer
RTL1999,291,1,394.0,3,1,1,311,Others
RTL2000,1006,1,8272.28,1,1,3,113,At Risk
RTL2002,75,3,263514.84,5,4,5,545,Loyal Customer
RTL2003,25,2,10335.039999999999,5,2,3,523,Recent Customer
RTL2004,53,3,9022.25,5,4,3,543,Loyal Customer
RTL2005,240,3,12862.119999999999,3,4,4,344,Others
RTL2006,199,3,6828.0,3,4,3,343,Others
RTL2007,202,1,638.4,3,1,1,311,Others
RTL2009,106,3,56271.840000000004,4,4,5,445,Loyal Customer
RTL2011,25,3,12291.21,5,4,4,544,Loyal Customer
RTL2013,43,3,9169.82,5,4,3,543,Loyal Customer
RTL2014,71,2,7504.11,5,2,3,523,Recent Customer
RTL2015,174,3,4351.54,4,4,2,442,Loyal Customer
RTL2017,339,4,12409.38,2,5,4,254,At Risk
RTL2018,378,1,6983.46,2,1,3,213,At Risk
RTL2019,567,2,2438.82,1,2,2,122,At Risk
RTL2020,366,5,21532.7,2,5,5,255,At Risk
RTL2021,395,2,11004.07,2,2,4,224,At Risk
RTL2022,128,3,13054.74,4,4,4,444,Loyal Customer
RTL2024,741,3,6395.53,1,4,3,143,At Risk
RTL2025,609,2,12603.76,1,2,4,124,At Risk
RTL2026,84,1,13253.7,5,1,4,514,Recent Customer
RTL2027,97,2,5945.780000000001,4,2,2,422,Recent Customer
RTL2028,90,1,15831.2,4,1,4,414,Recent Customer
RTL2029,76,5,9544.81,5,5,3,553,Loyal Customer
RTL2030,495,2,19901.54,2,2,5,225,At Risk
RTL2031,970,1,2376.09,1,1,1,111,At Risk
RTL2032,442,3,10175.119999999999,2,4,3,243,At Risk
RTL2033,169,6,692234.92,4,5,5,455,Loyal Customer
RTL2034,19,2,7896.87,5,2,3,523,Recent Customer
RTL2035,981,2,213481.24,1,2,5,125,At Risk
RTL2037,479,2,14066.210000000001,2,2,4,224,At Risk
RTL2038,552,6,35097.13,2,5,5,255,At Risk
RTL2039,848,1,195.8,1,1,1,111,At Risk
RTL2041,448,4,17169.66,2,5,4,254,At Risk
RTL2042,480,3,10491.9,2,4,3,243,At Risk
RTL2044,214,2,5877.74,3,2,2,322,Others
RTL2045,193,4,24686.62,3,5,5,355,Others
RTL2046,282,2,21594.949999999997,3,2,5,325,Others
RTL2047,291,4,5858.78,3,5,2,352,Others
RTL2049,101,3,11095.32,4,4,4,444,Loyal Customer
RTL2050,11,6,49262.77,5,5,5,555,Champion
RTL2051,374,3,33541.43,2,4,5,245,At Risk
RTL2052,156,2,6412.02,4,2,3,423,Recent Customer
RTL2053,408,1,35.83,2,1,1,211,At Risk
RTL2054,502,2,1861534.73,2,2,5,225,At Risk
RTL2055,253,3,15901.05,3,4,4,344,Others
RTL2056,129,5,2691.52,4,5,2,452,Loyal Customer
RTL2057,252,2,2461.84,3,2,2,322,Others
RTL2059,218,5,12153.670000000002,3,5,4,354,Others
RTL2060,452,2,13904.49,2,2,4,224,At Risk
RTL2061,458,2,11663.320000000002,2,2,4,224,At Risk
RTL2062,240,4,4251.04,3,5,2,352,Others
RTL2063,168,4,28896.66,4,5,5,455,Loyal Customer
RTL2064,205,1,126.92,3,1,1,311,Others
RTL2065,457,4,68228.13,2,5,5,255,At Risk
RTL2066,255,3,1820.99,3,4,1,341,Others
RTL2067,364,2,197866.65,2,2,5,225,At Risk
RTL2068,149,3,2309.0,4,4,1,441,Loyal Customer
RTL2069,190,3,2840.3199999999997,4,4,2,442,Loyal Customer
RTL2070,640,4,28336.68,1,5,5,155,At Risk
RTL2072,20,3,7103.77,5,4,3,543,Loyal Customer
RTL2073,78,1,13747.9,5,1,4,514,Recent Customer
RTL2074,250,4,9204.24,3,5,3,353,Others
RTL2075,552,2,259208.82,2,2,5,225,At Risk
RTL2076,539,2,16097.890000000001,2,2,4,224,At Risk
RTL2077,67,1,2953.7,5,1,2,512,Recent Customer
RTL2078,216,4,12527.36,3,5,4,354,Others
RTL2079,579,3,14231.12,1,4,4,144,At Risk
RTL2080,113,4,11910.369999999999,4,5,4,454,Loyal Customer
RTL2081,713,1,6854.82,1,1,3,113,At Risk
RTL2082,1,4,17377.870000000003,5,5,4,554,Loyal Customer
RTL2084,988,1,983.24,1,1,1,111,At Risk
RTL2085,210,1,2988.06,3,1,2,312,Others
RTL2086,130,2,120799.41,4,2,5,425,Recent Customer
RTL2087,510,2,2748.74,2,2,2,222,At Risk
RTL2088,634,2,1315.71,1,2,1,121,At Risk
RTL2089,1,6,42641.01,5,5,5,555,Champion
RTL2090,197,2,21102.1,3,2,5,325,Others
RTL2091,255,5,25059.77,3,5,5,355,Others
RTL2092,678,3,6489.0,1,4,3,143,At Risk
RTL2093,471,4,597298.27,2,5,5,255,At Risk
RTL2094,137,3,5878.33,4,4,2,442,Loyal Customer
RTL2095,389,2,110869.0,2,2,5,225,At Risk
RTL2097,272,1,1257.15,3,1,1,311,Others
RTL2098,599,3,3213.77,1,4,2,142,At Risk
RTL2099,90,2,9101.48,4,2,3,423,Recent Customer
RTL2100,75,1,4839.63,5,1,2,512,Recent Customer
RTL2101,714,2,8771.88,1,2,3,123,At Risk
RTL2102,14,1,30.86,5,1,1,511,Recent Customer
RTL2104,71,2,11418.39,5,2,4,524,Recent Customer
RTL2105,381,1,7732.5,2,1,3,213,At Risk
RTL2106,250,2,5231.42,3,2,2,322,Others
RTL2107,547,2,13053.89,2,2,4,224,At Risk
RTL2108,722,2,17712.16,1,2,4,124,At Risk
RTL2109,26,2,630.04,5,2,1,521,Recent Customer
RTL2110,2,5,14861.25,5,5,4,554,Loyal Customer
RTL2111,280,2,21279.39,3,2,5,325,Others
RTL2112,330,7,437942.67000000004,3,5,5,355,Others
RTL2114,815,2,22017.06,1,2,5,125,At Risk
RTL2115,450,2,9792.359999999999,2,2,3,223,At Risk
RTL2116,904,2,330.83000000000004,1,2,1,121,At Risk
RTL2117,80,2,12402.1,5,2,4,524,Recent Customer
RTL2118,621,2,7035.52,1,2,3,123,At Risk
RTL2119,136,1,7741.78,4,1,3,413,Recent Customer
RTL2120,410,4,20888.76,2,5,5,255,At Risk
RTL2121,529,1,11087.5,2,1,4,214,At Risk
RTL2122,313,2,4850.66,3,2,2,322,Others
RTL2123,922,1,343.22,1,1,1,111,At Risk
RTL2124,835,1,1255730.0,1,1,5,115,At Risk
RTL2125,382,2,3879.06,2,2,2,222,At Risk
RTL2126,437,2,1101834.87,2,2,5,225,At Risk
RTL2127,944,1,90.9,1,1,1,111,At Risk
RTL2128,468,2,3500.92,2,2,2,222,At Risk
RTL2129,94,3,6719.8099999999995,4,4,3,443,Loyal Customer
RTL2130,150,2,14041.44,4,2,4,424,Recent Customer
RTL2131,636,3,1806.19,1,4,1,141,At Risk
RTL2133,761,2,17176.48,1,2,4,124,At Risk
RTL2134,136,1,8893.92,4,1,3,413,Recent Customer
RTL2135,65,2,683.98,5,2,1,521,Recent Customer
RTL2136,68,5,31959.690000000002,5,5,5,555,Champion
RTL2137,3,7,394218.82,5,5,5,555,Champion
RTL2138,89,1,6592.23,4,1,3,413,Recent Customer
RTL2139,227,5,14509.68,3,5,4,354,Others
RTL2140,57,5,20533.469999999998,5,5,5,555,Champion
RTL2141,9,3,7497.78,5,4,3,543,Loyal Customer
RTL2143,431,4,9329.919999999998,2,5,3,253,At Risk
RTL2144,965,2,5428.67,1,2,2,122,At Risk
RTL2145,292,4,11911.880000000001,3,5,4,354,Others
RTL2146,2,3,8805.67,5,4,3,543,Loyal Customer
RTL2147,426,3,24019.04,2,4,5,245,At Risk
RTL2149,369,2,13747.08,2,2,4,224,At Risk
RTL2150,254,1,2690.76,3,1,2,312,Others
RTL2151,213,2,9820.08,3,2,3,323,Others
RTL2152,92,2,2555478.9,4,2,5,425,Recent Customer
RTL2153,20,3,13510.44,5,4,4,544,Loyal Customer
RTL2154,468,5,23429.38,2,5,5,255,At Risk
RTL2155,13,4,10577.48,5,5,3,553,Loyal Customer
RTL2156,169,4,20145.370000000003,4,5,5,455,Loyal Customer
RTL2157,119,3,9807.56,4,4,3,443,Loyal Customer
RTL2158,865,1,12.26,1,1,1,111,At Risk
RTL2159,88,5,31519.86,4,5,5,455,Loyal Customer
RTL2160,455,1,2077.94,2,1,1,211,At Risk
RTL2161,481,2,7929.77,2,2,3,223,At Risk
RTL2162,10,2,10994.0,5,2,4,524,Recent Customer
RTL2163,486,1,582.04,2,1,1,211,At Risk
RTL2164,802,2,6655.97,1,2,3,123,At Risk
RTL2165,180,4,7185.580000000001,4,5,3,453,Loyal Customer
RTL2166,9,4,1296329.38,5,5,5,555,Champion
RTL2167,130,1,85.22,4,1,1,411,Recent Customer
RTL2169,190,3,17810.35,4,4,4,444,Loyal Customer
RTL2170,430,2,21310.0,2,2,5,225,At Risk
RTL2171,14,4,1561674.88,5,5,5,555,Champion
RTL2172,178,2,9024.71,4,2,3,423,Recent Customer
RTL2173,918,1,10718.8,1,1,3,113,At Risk
RTL2174,24,2,5265.8,5,2,2,522,Recent Customer
RTL2175,12,4,667997.24,5,5,5,555,Champion
RTL2176,221,3,20585.2,3,4,5,345,Others
RTL2177,658,2,19490.86,1,2,5,125,At Risk
RTL2178,665,2,10916.34,1,2,3,123,At Risk
RTL2179,32,3,14554.75,5,4,4,544,Loyal Customer
RTL2180,593,2,82.9,1,2,1,121,At Risk
RTL2181,71,5,15334.48,5,5,4,554,Loyal Customer
RTL2182,655,3,10106.570000000002,1,4,3,143,At Risk
RTL2183,137,3,9253.62,4,4,3,443,Loyal Customer
RTL2185,459,2,6141.35,2,2,3,223,At Risk
RTL2186,626,1,387.18,1,1,1,111,At Risk
RTL2187,234,2,12234.76,3,2,4,324,Others
RTL2188,73,1,5889.61,5,1,2,512,Recent Customer
RTL2189,89,3,682803.84,4,4,5,445,Loyal Customer
RTL2191,35,1,364.96,5,1,1,511,Recent Customer
RTL2192,62,3,19498.44,5,4,5,545,Loyal Customer
RTL2193,594,3,14110.439999999999,1,4,4,144,At Risk
RTL2194,85,6,96391.3,5,5,5,555,Champion
RTL2195,219,2,9317.94,3,2,3,323,Others
RTL2196,552,2,6906.28,2,2,3,223,At Risk
RTL2197,934,2,1096.72,1,2,1,121,At Risk
RTL2198,25,1,13.63,5,1,1,511,Recent Customer
RTL2199,193,2,9231.82,3,2,3,323,Others
RTL2200,469,2,28483.95,2,2,5,225,At Risk
RTL2201,551,4,27283.18,2,5,5,255,At Risk
RTL2202,756,1,3685.19,1,1,2,112,At Risk
RTL2203,122,6,34430.43,4,5,5,455,Loyal Customer
RTL2204,30,3,7784.7,5,4,3,543,Loyal Customer
RTL2205,349,1,6407.31,2,1,3,213,At Risk
RTL2206,637,1,8596.17,1,1,3,113,At Risk
RTL2207,15,4,9788.5,5,5,3,553,Loyal Customer
RTL2208,407,2,8189.4,2,2,3,223,At Risk
RTL2209,495,1,7471.53,2,1,3,213,At Risk
RTL2211,210,2,9450.960000000001,3,2,3,323,Others
RTL2213,212,2,3293.6899999999996,3,2,2,322,Others
RTL2214,546,3,11142.86,2,4,4,244,At Risk
RTL2215,129,4,18960.47,4,5,5,455,Loyal Customer
RTL2216,22,9,24209.739999999998,5,5,5,555,Champion
RTL2217,155,4,7365.21,4,5,3,453,Loyal Customer
RTL2218,389,2,7561.879999999999,2,2,3,223,At Risk
RTL2219,7,3,18783.19,5,4,5,545,Loyal Customer
RTL2220,514,3,11627.39,2,4,4,244,At Risk
RTL2221,47,4,6107.93,5,5,3,553,Loyal Customer
RTL2222,25,2,8617.1,5,2,3,523,Recent Customer
RTL2223,44,5,13485.9,5,5,4,554,Loyal Customer
RTL2224,832,2,5204.63,1,2,2,122,At Risk
RTL2225,86,2,7904.15,5,2,3,523,Recent Customer
RTL2226,3,3,7451.69,5,4,3,543,Loyal Customer
RTL2228,100,3,9928.25,4,4,3,443,Loyal Customer
RTL2229,240,3,19212.85,3,4,5,345,Others
RTL2231,203,2,20928.96,3,2,5,325,Others
RTL2232,262,3,7865.79,3,4,3,343,Others
RTL2233,170,4,5924.98,4,5,2,452,Loyal Customer
RTL2234,554,1,9900.75,1,1,3,113,At Risk
RTL2235,480,2,10656.51,2,2,3,223,At Risk
RTL2236,27,4,3979.2599999999998,5,5,2,552,Loyal Customer
RTL2237,252,3,22777.24,3,4,5,345,Others
RTL2238,23,3,2462.84,5,4,2,542,Loyal Customer
RTL2240,474,2,18783.739999999998,2,2,5,225,At Risk
RTL2241,19,5,29034.42,5,5,5,555,Champion
RTL2242,239,1,1353.92,3,1,1,311,Others
RTL2243,335,4,996452.0,3,5,5,355,Others
RTL2244,370,4,32844.98,2,5,5,255,At Risk
RTL2245,379,2,3224.6600000000003,2,2,2,222,At Risk
RTL2246,73,3,5173.780000000001,5,4,2,542,Loyal Customer
RTL2247,231,1,3539.85,3,1,2,312,Others
RTL2248,376,2,9029.19,2,2,3,223,At Risk
RTL2249,432,1,3183.32,2,1,2,212,At Risk
RTL2250,622,1,29.43,1,1,1,111,At Risk
RTL2252,353,3,3484.77,2,4,2,242,At Risk
RTL2253,290,4,1714061.83,3,5,5,355,Others
RTL2255,154,2,3443.58,4,2,2,422,Recent Customer
RTL2256,23,3,2600.22,5,4,2,542,Loyal Customer
RTL2257,50,5,14642.76,5,5,4,554,Loyal Customer
RTL2258,67,1,7773.9,5,1,3,513,Recent Customer
RTL2259,982,1,4785.86,1,1,2,112,At Risk
RTL2260,235,3,2718.5099999999998,3,4,2,342,Others
RTL2261,416,1,430.44,2,1,1,211,At Risk
RTL2262,892,1,9936.59,1,1,3,113,At Risk
RTL2263,466,2,4658.7,2,2,2,222,At Risk
RTL2264,512,2,5300.18,2,2,2,222,At Risk
RTL2265,172,5,37215.31,4,5,5,455,Loyal Customer
RTL2266,93,2,6234.59,4,2,3,423,Recent Customer
RTL2267,171,3,18969.64,4,4,5,445,Loyal Customer
RTL2268,229,3,18718.44,3,4,5,345,Others
RTL2269,7,2,2060.33,5,2,1,521,Recent Customer
RTL2270,14,5,19676.64,5,5,5,555,Champion
RTL2271,190,1,10844.0,4,1,3,413,Recent Customer
RTL2272,487,1,7407.18,2,1,3,213,At Risk
RTL2273,252,5,13511.710000000001,3,5,4,354,Others
RTL2274,73,2,7570.34,5,2,3,523,Recent Customer
RTL2275,33,4,4013.5600000000004,5,5,2,552,Loyal Customer
RTL2276,34,2,6712.860000000001,5,2,3,523,Recent Customer
RTL2277,140,3,3809.09,4,4,2,442,Loyal Customer
RTL2280,922,1,1975.98,1,1,1,111,At Risk
RTL2281,133,5,15822.330000000002,4,5,4,454,Loyal Customer
RTL2282,335,2,9664.74,3,2,3,323,Others
RTL2283,345,2,12798.27,2,2,4,224,At Risk
RTL2284,282,1,873.22,3,1,1,311,Others
RTL2285,84,5,32635.34,5,5,5,555,Champion
RTL2286,186,2,3580.7999999999997,4,2,2,422,Recent Customer
RTL2287,225,2,672043.86,3,2,5,325,Others
RTL2288,603,1,549.31,1,1,1,111,At Risk
RTL2289,586,3,6226.110000000001,1,4,3,143,At Risk
RTL2290,416,4,19913.559999999998,2,5,5,255,At Risk
RTL2291,36,6,13927.72,5,5,4,554,Loyal Customer
RTL2292,20,4,22948.71,5,5,5,555,Champion
RTL2293,172,4,27287.72,4,5,5,455,Loyal Customer
RTL2294,89,4,4891.2300000000005,4,5,2,452,Loyal Customer
RTL2295,511,1,15355.4,2,1,4,214,At Risk
RTL2296,149,5,23045.6,4,5,5,455,Loyal Customer
RTL2297,638,1,288.44,1,1,1,111,At Risk
RTL2298,20,4,18574.14,5,5,4,554,Loyal Customer
RTL2299,11,4,2082.5,5,5,1,551,Loyal Customer
RTL2301,1013,1,745.71,1,1,1,111,At Risk
RTL2302,690,3,12790.21,1,4,4,144,At Risk
RTL2303,453,3,1266.58,2,4,1,241,At Risk
RTL2305,42,1,60.07,5,1,1,511,Recent Customer
RTL2306,290,3,571424.31,3,4,5,345,Others
RTL2307,296,1,1361.9,3,1,1,311,Others
RTL2308,153,5,446353.24,4,5,5,455,Loyal Customer
RTL2309,590,2,10939.4,1,2,3,123,At Risk
RTL2310,176,5,14147.55,4,5,4,454,Loyal Customer
RTL2311,418,1,1402.2,2,1,1,211,At Risk
RTL2312,383,2,2747.7799999999997,2,2,2,222,At Risk
RTL2314,333,5,21081.010000000002,3,5,5,355,Others
RTL2315,584,2,14797.0,1,2,4,124,At Risk
RTL2316,77,2,5730.18,5,2,2,522,Recent Customer
RTL2317,43,2,16667.879999999997,5,2,4,524,Recent Customer
RTL2318,449,3,4080.4500000000003,2,4,2,242,At Risk
RTL2319,828,2,12371.669999999998,1,2,4,124,At Risk
RTL2320,331,2,4024.07,3,2,2,322,Others
RTL2321,69,3,8702.77,5,4,3,543,Loyal Customer
RTL2322,578,1,53.64,1,1,1,111,At Risk
RTL2323,218,4,5639.43,3,5,2,352,Others
RTL2324,216,2,8195.34,3,2,3,323,Others
RTL2325,245,4,34731.229999999996,3,5,5,355,Others
RTL2326,810,2,60953.49,1,2,5,125,At Risk
RTL2327,29,6,28337.93,5,5,5,555,Champion
RTL2328,242,1,145.74,3,1,1,311,Others
RTL2329,84,3,1513232.18,5,4,5,545,Loyal Customer
RTL2330,483,2,5838.72,2,2,2,222,At Risk
RTL2331,117,2,9334.21,4,2,3,423,Recent Customer
RTL2332,990,1,5111.94,1,1,2,112,At Risk
RTL2333,580,1,8154.09,1,1,3,113,At Risk
RTL2334,718,4,25352.46,1,5,5,155,At Risk
RTL2335,531,2,2962.05,2,2,2,222,At Risk
RTL2336,64,4,11255.15,5,5,4,554,Loyal Customer
RTL2337,546,1,825.97,2,1,1,211,At Risk
RTL2338,381,1,3344.6,2,1,2,212,At Risk
RTL2339,412,2,7133.49,2,2,3,223,At Risk
RTL2340,87,3,5045.849999999999,5,4,2,542,Loyal Customer
RTL2341,44,2,4981.860000000001,5,2,2,522,Recent Customer
RTL2342,235,2,8138.3,3,2,3,323,Others
RTL2343,133,3,11969.36,4,4,4,444,Loyal Customer
RTL2344,414,2,4802.29,2,2,2,222,At Risk
RTL2345,59,2,7483.99,5,2,3,523,Recent Customer
RTL2346,100,3,762.11,4,4,1,441,Loyal Customer
RTL2347,275,1,4249.4,3,1,2,312,Others
RTL2348,501,2,46763.16,2,2,5,225,At Risk
RTL2349,631,4,14285.48,1,5,4,154,At Risk
RTL2350,107,3,2382.35,4,4,1,441,Loyal Customer
RTL2351,246,1,630.84,3,1,1,311,Others
RTL2352,732,2,2394.06,1,2,1,121,At Risk
RTL2353,409,2,5213.36,2,2,2,222,At Risk
RTL2354,488,1,634.04,2,1,1,211,At Risk
RTL2355,491,4,15885.37,2,5,4,254,At Risk
RTL2356,705,1,410564.0,1,1,5,115,At Risk
RTL2357,102,4,390530429.59,4,5,5,455,Loyal Customer
RTL2358,670,1,29172.7,1,1,5,115,At Risk
RTL2359,17,6,11625.82,5,5,4,554,Loyal Customer
RTL2360,579,1,10510.8,1,1,3,113,At Risk
RTL2361,435,1,523.12,2,1,1,211,At Risk
RTL2362,442,4,28616.120000000003,2,5,5,255,At Risk
RTL2363,283,3,13331.9,3,4,4,344,Others
RTL2364,97,4,21458.95,4,5,5,455,Loyal Customer
RTL2365,261,2,11133.720000000001,3,2,4,324,Others
RTL2366,163,4,30793.27,4,5,5,455,Loyal Customer
RTL2367,72,4,21739.86,5,5,5,555,Champion
RTL2368,422,4,34642.62,2,5,5,255,At Risk
RTL2369,128,2,4954.88,4,2,2,422,Recent Customer
RTL2370,46,4,8803.23,5,5,3,553,Loyal Customer
RTL2372,6,5,13431.32,5,5,4,554,Loyal Customer
RTL2373,547,2,25723.0,2,2,5,225,At Risk
RTL2374,148,2,7558.650000000001,4,2,3,423,Recent Customer
RTL2376,552,1,4293.12,2,1,2,212,At Risk
RTL2377,23,2,4036.8999999999996,5,2,2,522,Recent Customer
RTL2378,325,5,16483.52,3,5,4,354,Others
RTL2379,111,2,9283.949999999999,4,2,3,423,Recent Customer
RTL2380,243,3,4838.639999999999,3,4,2,342,Others
RTL2381,820,1,5964.2,1,1,2,112,At Risk
RTL2382,761,1,4352.34,1,1,2,112,At Risk
RTL2383,225,1,111.51,3,1,1,311,Others
RTL2384,885,2,12183.39,1,2,4,124,At Risk
RTL2385,88,2,11883.65,4,2,4,424,Recent Customer
RTL2386,658,2,4557.85,1,2,2,122,At Risk
RTL2387,365,2,5489.39,2,2,2,222,At Risk
RTL2388,480,2,1800.5700000000002,2,2,1,221,At Risk
RTL2389,264,3,7932.740000000001,3,4,3,343,Others
RTL2390,296,2,15250.85,3,2,4,324,Others
RTL2391,103,2,7328.58,4,2,3,423,Recent Customer
RTL2392,219,5,19922.97,3,5,5,355,Others
RTL2395,169,4,6223.34,4,5,3,453,Loyal Customer
RTL2396,413,3,12658.630000000001,2,4,4,244,At Risk
RTL2397,203,3,24076.98,3,4,5,345,Others
RTL2398,152,3,4004.96,4,4,2,442,Loyal Customer
RTL2399,73,3,20399.73,5,4,5,545,Loyal Customer
RTL2400,559,1,1926.48,1,1,1,111,At Risk
RTL2401,58,2,2475.55,5,2,2,522,Recent Customer
RTL2402,156,6,33587.36,4,5,5,455,Loyal Customer
RTL2403,334,3,3934.77,3,4,2,342,Others
RTL2404,262,4,29033.44,3,5,5,355,Others
RTL2405,496,2,597.47,2,2,1,221,At Risk
RTL2406,163,4,14731.14,4,5,4,454,Loyal Customer
RTL2408,26,2,5280.33,5,2,2,522,Recent Customer
RTL2409,155,3,11408.86,4,4,4,444,Loyal Customer
RTL2411,187,6,67268.91,4,5,5,455,Loyal Customer
RTL2413,396,3,23504.260000000002,2,4,5,245,At Risk
RTL2414,426,4,12039.62,2,5,4,254,At Risk
RTL2415,825,1,2634.64,1,1,2,112,At Risk
RTL2416,356,1,233.41,2,1,1,211,At Risk
RTL2417,570,4,22929.629999999997,1,5,5,155,At Risk
RTL2418,22,4,4762.4,5,5,2,552,Loyal Customer
RTL2419,626,3,9916.12,1,4,3,143,At Risk
RTL2420,361,2,6262.599999999999,2,2,3,223,At Risk
RTL2421,11,5,18193.0,5,5,4,554,Loyal Customer
RTL2422,5,6,20225.42,5,5,5,555,Champion
RTL2423,129,2,4324.23,4,2,2,422,Recent Customer
RTL2424,92,2,1928996.54,4,2,5,425,Recent Customer
RTL2425,626,1,5853.5,1,1,2,112,At Risk
RTL2426,50,4,10200.160000000002,5,5,3,553,Loyal Customer
RTL2427,221,3,17809.98,3,4,4,344,Others
RTL2428,110,2,13413.66,4,2,4,424,Recent Customer
RTL2429,287,1,1440.01,3,1,1,311,Others
RTL2430,6,3,20308.03,5,4,5,545,Loyal Customer
RTL2431,888,1,13289.8,1,1,4,114,At Risk
RTL2432,596,3,14791.91,1,4,4,144,At Risk
RTL2433,150,6,23486.09,4,5,5,455,Loyal Customer
RTL2434,228,3,11797.3,3,4,4,344,Others
RTL2435,233,3,5102.46,3,4,2,342,Others
RTL2436,457,4,12080.07,2,5,4,254,At Risk
RTL2437,166,7,7380.43,4,5,3,453,Loyal Customer
RTL2438,684,1,48.94,1,1,1,111,At Risk
RTL2439,384,1,1545.91,2,1,1,211,At Risk
RTL2440,337,2,17612.38,2,2,4,224,At Risk
RTL2441,370,3,3585.83,2,4,2,242,At Risk
RTL2442,79,3,7386.77,5,4,3,543,Loyal Customer
RTL2443,205,3,19786.01,3,4,5,345,Others
RTL2444,2,3,1881395.89,5,4,5,545,Loyal Customer
RTL2445,66,2,4667.15,5,2,2,522,Recent Customer
RTL2446,311,3,2565.31,3,4,2,342,Others
RTL2447,312,2,12002.529999999999,3,2,4,324,Others
RTL2448,223,6,14868.13,3,5,4,354,Others
RTL2449,126,4,27840.64,4,5,5,455,Loyal Customer
RTL2450,668,1,2856.71,1,1,2,112,At Risk
RTL2451,23,3,26596.0,5,4,5,545,Loyal Customer
RTL2452,587,2,356109.8,1,2,5,125,At Risk
RTL2453,181,3,1638.95,4,4,1,441,Loyal Customer
RTL2455,375,1,7889.81,2,1,3,213,At Risk
RTL2456,92,3,15051.14,4,4,4,444,Loyal Customer
RTL2457,518,2,5994.52,2,2,2,222,At Risk
RTL2458,320,1,278544.0,3,1,5,315,Others
RTL2459,383,3,12318.45,2,4,4,244,At Risk
RTL2460,121,5,14428.59,4,5,4,454,Loyal Customer
RTL2461,653,1,91.49,1,1,1,111,At Risk
RTL2462,636,1,7745.86,1,1,3,113,At Risk
RTL2463,807,2,5782.49,1,2,2,122,At Risk
RTL2464,219,4,18630.670000000002,3,5,4,354,Others
RTL2467,98,7,40218.97,4,5,5,455,Loyal Customer
RTL2468,738,4,26645.5,1,5,5,155,At Risk
RTL2469,549,2,872.0200000000001,2,2,1,221,At Risk
RTL2470,295,6,19419.03,3,5,5,355,Others
RTL2471,48,4,18242.32,5,5,4,554,Loyal Customer
RTL2472,160,3,11127.13,4,4,4,444,Loyal Customer
RTL2473,20,2,5426.98,5,2,2,522,Recent Customer
RTL2474,197,4,6005.17,3,5,2,352,Others
RTL2476,90,2,4643.36,4,2,2,422,Recent Customer
RTL2477,32,1,12154.5,5,1,4,514,Recent Customer
RTL2478,445,1,259.05,2,1,1,211,At Risk
RTL2479,381,2,5081.93,2,2,2,222,At Risk
RTL2480,196,3,1337.8899999999999,3,4,1,341,Others
RTL2481,125,3,6921.76,4,4,3,443,Loyal Customer
RTL2482,97,3,5521.81,4,4,2,442,Loyal Customer
RTL2485,908,2,1379.4,1,2,1,121,At Risk
RTL2486,841,1,9928.44,1,1,3,113,At Risk
RTL2488,47,4,24791.08,5,5,5,555,Champion
RTL2489,98,1,659.98,4,1,1,411,Recent Customer
RTL2490,319,2,10313.6,3,2,3,323,Others
RTL2491,177,4,4022.53,4,5,2,452,Loyal Customer
RTL2492,49,3,10269.099999999999,5,4,3,543,Loyal Customer
RTL2493,243,2,4587.23,3,2,2,322,Others
RTL2494,179,3,11711.65,4,4,4,444,Loyal Customer
RTL2495,765,1,2461.82,1,1,2,112,At Risk
RTL2496,92,3,45389.12,4,4,5,445,Loyal Customer
RTL2498,204,2,237560.92,3,2,5,325,Others
RTL2499,104,1,844.34,4,1,1,411,Recent Customer
RTL2500,311,1,158.71,3,1,1,311,Others
RTL2501,841,2,11449.130000000001,1,2,4,124,At Risk
RTL2504,387,1,2719.12,2,1,2,212,At Risk
RTL2505,508,2,3259.75,2,2,2,222,At Risk
RTL2506,718,2,9921.3,1,2,3,123,At Risk
RTL2507,3,3,15882.41,5,4,4,544,Loyal Customer
RTL2508,40,4,14260.510000000002,5,5,4,554,Loyal Customer
RTL2509,176,5,8657.92,4,5,3,453,Loyal Customer
RTL2510,687,1,43.42,1,1,1,111,At Risk
RTL2511,32,7,26512.98,5,5,5,555,Champion
RTL2512,58,3,1568534.19,5,4,5,545,Loyal Customer
RTL2514,94,3,20701.45,4,4,5,445,Loyal Customer
RTL2515,75,4,15969.65,5,5,4,554,Loyal Customer
RTL2516,304,2,1796.63,3,2,1,321,Others
RTL2517,90,3,11628.08,4,4,4,444,Loyal Customer
RTL2518,646,2,20595.1,1,2,5,125,At Risk
RTL2519,84,2,8259.14,5,2,3,523,Recent Customer
RTL2520,611,2,9417.66,1,2,3,123,At Risk
RTL2521,167,2,10248.06,4,2,3,423,Recent Customer
RTL2522,1000,1,7743.6,1,1,3,113,At Risk
RTL2523,803,3,4922.9800000000005,1,4,2,142,At Risk
RTL2524,136,5,36356.09,4,5,5,455,Loyal Customer
RTL2525,97,4,15088.89,4,5,4,454,Loyal Customer
RTL2526,118,1,1458.03,4,1,1,411,Recent Customer
RTL2527,136,3,18077.84,4,4,4,444,Loyal Customer
RTL2528,346,2,3866.24,2,2,2,222,At Risk
RTL2529,449,1,284.36,2,1,1,211,At Risk
RTL2530,761,1,535.09,1,1,1,111,At Risk
RTL2531,29,5,11188.76,5,5,4,554,Loyal Customer
RTL2532,567,3,12569.02,1,4,4,144,At Risk
RTL2533,240,4,4357.03,3,5,2,352,Others
RTL2534,158,5,31225.13,4,5,5,455,Loyal Customer
RTL2536,26,3,2858.46,5,4,2,542,Loyal Customer
RTL2537,762,2,372.20000000000005,1,2,1,121,At Risk
RTL2538,7,6,33084.71,5,5,5,555,Champion
RTL2539,112,3,43364.4,4,4,5,445,Loyal Customer
RTL2541,49,1,583.92,5,1,1,511,Recent Customer
RTL2542,459,1,715.46,2,1,1,211,At Risk
RTL2543,385,1,3261.54,2,1,2,212,At Risk
RTL2544,52,3,10671.07,5,4,3,543,Loyal Customer
RTL2545,495,1,708.77,2,1,1,211,At Risk
RTL2546,337,2,3132.62,2,2,2,222,At Risk
RTL2547,723,1,1325.75,1,1,1,111,At Risk
RTL2548,246,3,24612.59,3,4,5,345,Others
RTL2549,72,1,798.0,5,1,1,511,Recent Customer
RTL2550,298,2,24789.9,3,2,5,325,Others
RTL2551,124,2,4125.53,4,2,2,422,Recent Customer
RTL2552,354,4,14207.599999999999,2,5,4,254,At Risk
RTL2553,160,3,18424.98,4,4,4,444,Loyal Customer
RTL2554,29,2,7609.969999999999,5,2,3,523,Recent Customer
RTL2555,701,2,8933.86,1,2,3,123,At Risk
RTL2556,578,1,3945.62,1,1,2,112,At Risk
RTL2557,45,6,20729.3,5,5,5,555,Champion
RTL2558,822,1,620.69,1,1,1,111,At Risk
RTL2559,125,5,23486.61,4,5,5,455,Loyal Customer
RTL2560,180,1,277.45,4,1,1,411,Recent Customer
RTL2561,608,5,6028.6900000000005,1,5,2,152,At Risk
RTL2562,60,2,5414.65,5,2,2,522,Recent Customer
RTL2563,14,3,10903.310000000001,5,4,3,543,Loyal Customer
RTL2564,292,3,19175.059999999998,3,4,5,345,Others
RTL2565,444,2,1237.3200000000002,2,2,1,221,At Risk
RTL2566,72,4,5685.95,5,5,2,552,Loyal Customer
RTL2568,194,2,499.55,3,2,1,321,Others
RTL2569,22,3,13699.689999999999,5,4,4,544,Loyal Customer
RTL2570,58,2,11693.710000000001,5,2,4,524,Recent Customer
RTL2571,249,3,11528.699999999999,3,4,4,344,Others
RTL2572,522,3,14326.75,2,4,4,244,At Risk
RTL2573,518,2,12216.400000000001,2,2,4,224,At Risk
RTL2574,9,2,8441.82,5,2,3,523,Recent Customer
RTL2575,793,2,1415.4299999999998,1,2,1,121,At Risk
RTL2576,259,2,9268.21,3,2,3,323,Others
RTL2577,442,3,12368.77,2,4,4,244,At Risk
RTL2578,418,1,3878.43,2,1,2,212,At Risk
RTL2579,458,1,11217.5,2,1,4,214,At Risk
RTL2580,175,4,3488.31,4,5,2,452,Loyal Customer
RTL2581,786,1,417.64,1,1,1,111,At Risk
RTL2582,71,2,6699.0599999999995,5,2,3,523,Recent Customer
RTL2583,80,2,1402.75,5,2,1,521,Recent Customer
RTL2584,306,1,126.55,3,1,1,311,Others
RTL2585,285,5,23467.870000000003,3,5,5,355,Others
RTL2586,770,1,249.66,1,1,1,111,At Risk
RTL2587,16,5,1049091.86,5,5,5,555,Champion
RTL2589,215,3,11846.869999999999,3,4,4,344,Others
RTL2590,296,2,8264.91,3,2,3,323,Others
RTL2592,233,2,615.22,3,2,1,321,Others
RTL2593,238,3,8149.07,3,4,3,343,Others
RTL2595,757,2,2073.88,1,2,1,121,At Risk
RTL2597,159,4,1002815.2200000001,4,5,5,455,Loyal Customer
RTL2598,42,2,4863.360000000001,5,2,2,522,Recent Customer
RTL2599,151,4,39788.2,4,5,5,455,Loyal Customer
RTL2600,375,1,282.9,2,1,1,211,At Risk
RTL2601,675,1,1391.0,1,1,1,111,At Risk
RTL2602,48,4,11631.73,5,5,4,554,Loyal Customer
RTL2603,53,1,2095.51,5,1,1,511,Recent Customer
RTL2604,436,3,14456.289999999999,2,4,4,244,At Risk
RTL2606,241,2,2142063.22,3,2,5,325,Others
RTL2607,59,3,12481.23,5,4,4,544,Loyal Customer
RTL2608,215,4,12969.8,3,5,4,354,Others
RTL2609,38,5,1336.61,5,5,1,551,Loyal Customer
RTL2610,216,4,2411.48,3,5,1,351,Others
RTL2611,154,2,10044.970000000001,4,2,3,423,Recent Customer
RTL2612,614,2,839.49,1,2,1,121,At Risk
RTL2613,9,3,19945.6,5,4,5,545,Loyal Customer
RTL2615,203,2,1130.22,3,2,1,321,Others
RTL2616,649,4,6550.2300000000005,1,5,3,153,At Risk
RTL2617,450,2,3511.4700000000003,2,2,2,222,At Risk
RTL2618,657,1,4512.0,1,1,2,112,At Risk
RTL2619,366,3,14001.4,2,4,4,244,At Risk
RTL2620,681,2,36237.51,1,2,5,125,At Risk
RTL2621,659,3,2554.9399999999996,1,4,2,142,At Risk
RTL2622,185,3,3491.2299999999996,4,4,2,442,Loyal Customer
RTL2623,939,1,576927.0,1,1,5,115,At Risk
RTL2624,63,2,22331.64,5,2,5,525,Recent Customer
RTL2625,550,3,3576.07,2,4,2,242,At Risk
RTL2626,27,4,7761.05,5,5,3,553,Loyal Customer
RTL2627,3,3,13412.2,5,4,4,544,Loyal Customer
RTL2628,191,3,22874.96,4,4,5,445,Loyal Customer
RTL2629,59,3,12444.949999999999,5,4,4,544,Loyal Customer
RTL2631,350,1,278.6,2,1,1,211,At Risk
RTL2632,293,3,12168.28,3,4,4,344,Others
RTL2633,787,2,12965.65,1,2,4,124,At Risk
RTL2634,170,2,2789.21,4,2,2,422,Recent Customer
RTL2635,284,4,24549.86,3,5,5,355,Others
RTL2636,435,3,4918.219999999999,2,4,2,242,At Risk
RTL2637,4,4,27066.4,5,5,5,555,Champion
RTL2638,226,3,15104.11,3,4,4,344,Others
RTL2639,7,3,17564.030000000002,5,4,4,544,Loyal Customer
RTL2640,65,4,11884.109999999999,5,5,4,554,Loyal Customer
RTL2641,233,5,236420.38,3,5,5,355,Others
RTL2642,120,4,10018.36,4,5,3,453,Loyal Customer
RTL2644,110,4,18716.48,4,5,4,454,Loyal Customer
RTL2645,719,2,83448.55,1,2,5,125,At Risk
RTL2646,916,1,13.78,1,1,1,111,At Risk
RTL2647,88,1,1215.45,4,1,1,411,Recent Customer
RTL2648,46,4,329445.0,5,5,5,555,Champion
RTL2649,34,1,2611.21,5,1,2,512,Recent Customer
RTL2650,319,2,16781.27,3,2,4,324,Others
RTL2651,118,1,481.65,4,1,1,411,Recent Customer
RTL2652,124,2,8467.68,4,2,3,423,Recent Customer
RTL2653,101,4,18781.19,4,5,5,455,Loyal Customer
RTL2654,360,2,11690.49,2,2,4,224,At Risk
RTL2655,760,2,291.97,1,2,1,121,At Risk
RTL2656,188,2,3053.5,4,2,2,422,Recent Customer
RTL2657,548,1,845.33,2,1,1,211,At Risk
RTL2658,583,5,26785.760000000002,1,5,5,155,At Risk
RTL2659,68,2,9732.74,5,2,3,523,Recent Customer
RTL2660,28,4,8838.89,5,5,3,553,Loyal Customer
RTL2661,211,2,2246.77,3,2,1,321,Others
RTL2662,54,2,20550.93,5,2,5,525,Recent Customer
RTL2663,50,2,3164.32,5,2,2,522,Recent Customer
RTL2664,86,4,22419.81,5,5,5,555,Champion
RTL2666,426,1,2173.5,2,1,1,211,At Risk
RTL2667,675,1,108.7,1,1,1,111,At Risk
RTL2668,146,2,12250.61,4,2,4,424,Recent Customer
RTL2669,823,2,1924.13,1,2,1,121,At Risk
RTL2670,262,5,629190.47,3,5,5,355,Others
RTL2671,819,3,17639.09,1,4,4,144,At Risk
RTL2672,853,2,2354.86,1,2,1,121,At Risk
RTL2673,865,1,1472.5,1,1,1,111,At Risk
RTL2674,705,1,437.22,1,1,1,111,At Risk
RTL2675,100,1,6011.88,4,1,2,412,Recent Customer
RTL2676,121,5,17561.96,4,5,4,454,Loyal Customer
RTL2677,930,1,864.21,1,1,1,111,At Risk
RTL2678,490,3,124330.20000000001,2,4,5,245,At Risk
RTL2679,20,5,2238310.41,5,5,5,555,Champion
RTL2680,990,1,622.55,1,1,1,111,At Risk
RTL2681,263,3,13307.81,3,4,4,344,Others
RTL2682,170,1,257.36,4,1,1,411,Recent Customer
RTL2683,174,4,64471.75,4,5,5,455,Loyal Customer
RTL2684,92,4,18866.440000000002,4,5,5,455,Loyal Customer
RTL2685,387,3,12896.93,2,4,4,244,At Risk
RTL2686,114,2,7674.63,4,2,3,423,Recent Customer
RTL2687,328,2,9021.69,3,2,3,323,Others
RTL2688,58,5,18464.12,5,5,4,554,Loyal Customer
RTL2689,143,2,133514.0,4,2,5,425,Recent Customer
RTL2690,402,3,17691.49,2,4,4,244,At Risk
RTL2691,53,4,10679.150000000001,5,5,3,553,Loyal Customer
RTL2692,519,1,1019.64,2,1,1,211,At Risk
RTL2693,117,4,11566.609999999999,4,5,4,454,Loyal Customer
RTL2694,285,1,624.62,3,1,1,311,Others
RTL2695,437,3,14877.72,2,4,4,244,At Risk
RTL2697,407,1,738.03,2,1,1,211,At Risk
RTL2698,493,1,712.89,2,1,1,211,At Risk
RTL2699,204,1,489.79,3,1,1,311,Others
RTL2700,600,2,13423.720000000001,1,2,4,124,At Risk
RTL2701,937,2,4313.29,1,2,2,122,At Risk
RTL2703,684,4,20476.1,1,5,5,155,At Risk
RTL2704,464,1,167.2,2,1,1,211,At Risk
RTL2705,882,2,25867.6,1,2,5,125,At Risk
RTL2706,494,2,4084.19,2,2,2,222,At Risk
RTL2707,563,2,2903.45,1,2,2,122,At Risk
RTL2708,67,2,1824.23,5,2,1,521,Recent Customer
RTL2709,898,1,4005.27,1,1,2,112,At Risk
RTL2710,626,2,8872.74,1,2,3,123,At Risk
RTL2711,232,2,2121.05,3,2,1,321,Others
RTL2712,126,4,20671.65,4,5,5,455,Loyal Customer
RTL2713,563,1,14754.6,1,1,4,114,At Risk
RTL2714,957,1,866.4,1,1,1,111,At Risk
RTL2715,333,3,11506.53,3,4,4,344,Others
RTL2716,171,3,10947.86,4,4,3,443,Loyal Customer
RTL2717,42,5,12816.14,5,5,4,554,Loyal Customer
RTL2718,389,1,2891.02,2,1,2,212,At Risk
RTL2719,303,1,5510.76,3,1,2,312,Others
RTL2721,582,3,6053.95,1,4,3,143,At Risk
RTL2722,451,3,1806.46,2,4,1,241,At Risk
RTL2723,190,1,557.61,4,1,1,411,Recent Customer
RTL2724,789,3,480584.73,1,4,5,145,At Risk
RTL2725,679,2,1338.62,1,2,1,121,At Risk
RTL2726,244,3,25064.86,3,4,5,345,Others
RTL2727,8,2,1439.21,5,2,1,521,Recent Customer
RTL2728,618,4,15439.87,1,5,4,154,At Risk
RTL2729,687,4,12491.61,1,5,4,154,At Risk
RTL2730,570,4,14800.939999999999,1,5,4,154,At Risk
RTL2731,32,3,4144.56,5,4,2,542,Loyal Customer
RTL2732,293,1,1952.05,3,1,1,311,Others
RTL2733,617,1,6798.12,1,1,3,113,At Risk
RTL2734,685,2,7679.33,1,2,3,123,At Risk
RTL2735,5,1,75.31,5,1,1,511,Recent Customer
RTL2736,779,1,582.99,1,1,1,111,At Risk
RTL2737,341,2,9369.32,2,2,3,223,At Risk
RTL2738,1,4,24420.82,5,5,5,555,Champion
RTL2739,373,4,16082.99,2,5,4,254,At Risk
RTL2740,381,4,12264.11,2,5,4,254,At Risk
RTL2741,10,6,13557.720000000001,5,5,4,554,Loyal Customer
RTL2742,283,2,5399.64,3,2,2,322,Others
RTL2743,210,2,17612.17,3,2,4,324,Others
RTL2745,356,3,8743.89,2,4,3,243,At Risk
RTL2746,98,3,10715.88,4,4,3,443,Loyal Customer
RTL2747,9,4,74390.83,5,5,5,555,Champion
RTL2748,126,3,11045.67,4,4,4,444,Loyal Customer
RTL2749,153,4,17576.23,4,5,4,454,Loyal Customer
RTL2750,263,2,8478.6,3,2,3,323,Others
RTL2751,173,2,7580.98,4,2,3,423,Recent Customer
RTL2752,955,1,9688.3,1,1,3,113,At Risk
RTL2753,23,2,6117.2,5,2,3,523,Recent Customer
RTL2754,89,3,22823.37,4,4,5,445,Loyal Customer
RTL2755,350,4,2310.73,2,5,1,251,At Risk
RTL2756,308,1,4610.45,3,1,2,312,Others
RTL2757,96,6,20141.28,4,5,5,455,Loyal Customer
RTL2758,936,1,1805390.0,1,1,5,115,At Risk
RTL2759,27,3,19442.01,5,4,5,545,Loyal Customer
RTL2760,320,2,4574.12,3,2,2,322,Others
RTL2761,40,6,23864.489999999998,5,5,5,555,Champion
RTL2762,594,3,4545.26,1,4,2,142,At Risk
RTL2763,105,2,4174.35,4,2,2,422,Recent Customer
RTL2764,124,3,6802.13,4,4,3,443,Loyal Customer
RTL2765,751,2,13052.14,1,2,4,124,At Risk
RTL2766,904,1,320.1,1,1,1,111,At Risk
RTL2767,831,1,1964.9,1,1,1,111,At Risk
RTL2768,69,2,12001.619999999999,5,2,4,524,Recent Customer
RTL2769,183,1,348.74,4,1,1,411,Recent Customer
RTL2770,274,3,8767.11,3,4,3,343,Others
RTL2771,124,4,35598.61,4,5,5,455,Loyal Customer
RTL2772,79,3,12443.679999999998,5,4,4,544,Loyal Customer
RTL2773,100,3,7452.2699999999995,4,4,3,443,Loyal Customer
RTL2774,361,3,8500.31,2,4,3,243,At Risk
RTL2775,512,2,2859.7000000000003,2,2,2,222,At Risk
RTL2776,64,2,801.29,5,2,1,521,Recent Customer
RTL2777,194,3,19447.739999999998,3,4,5,345,Others
RTL2778,931,3,1697.06,1,4,1,141,At Risk
RTL2779,910,1,857.89,1,1,1,111,At Risk
RTL2780,907,1,4466.58,1,1,2,112,At Risk
RTL2781,331,2,9150.390000000001,3,3,3,333,Others
RTL2782,428,2,2739.03,2,3,2,232,At Risk
RTL2783,245,4,5026.099999999999,3,5,2,352,Others
RTL2784,130,1,2199.8,4,1,1,411,Recent Customer
RTL2785,230,1,9624.42,3,1,3,313,Others
RTL2786,796,2,4357.34,1,3,2,132,At Risk
RTL2787,49,2,13154.97,5,3,4,534,Recent Customer
RTL2788,744,1,12530.7,1,1,4,114,At Risk
RTL2789,764,1,5770.05,1,1,2,112,At Risk
RTL2791,1002,1,3743.84,1,1,2,112,At Risk
RTL2792,320,2,10292.43,3,3,3,333,Others
RTL2793,106,5,14479.11,4,5,4,454,Loyal Customer
RTL2794,37,3,10013.16,5,4,3,543,Loyal Customer
RTL2795,258,1,282.18,3,1,1,311,Others
RTL2796,542,4,16836.93,2,5,4,254,At Risk
RTL2797,336,2,756.86,2,3,1,231,At Risk
RTL2798,169,1,3033.6,4,1,2,412,Recent Customer
RTL2799,52,1,616.95,5,1,1,511,Recent Customer
RTL2800,70,4,10918.5,5,5,3,553,Loyal Customer
RTL2801,63,3,27775.8,5,4,5,545,Loyal Customer
RTL2802,243,4,9852.41,3,5,3,353,Others
RTL2803,116,3,11644.59,4,4,4,444,Loyal Customer
RTL2804,1015,1,5652.79,1,1,2,112,At Risk
RTL2805,281,1,392.52,3,1,1,311,Others
RTL2806,83,5,15535.01,5,5,4,554,Loyal Customer
RTL2807,968,2,4191.51,1,3,2,132,At Risk
RTL2808,961,1,978.95,1,1,1,111,At Risk
RTL2809,427,2,2728.3,2,3,2,232,At Risk
RTL2810,78,4,38904.630000000005,5,5,5,555,Champion
RTL2812,310,1,1007.76,3,1,1,311,Others
RTL2813,107,2,4018.13,4,3,2,432,Recent Customer
RTL2814,310,3,1432.3799999999999,3,4,1,341,Others
RTL2815,274,1,2897.5,3,1,2,312,Others
RTL2816,141,1,3659.06,4,1,2,412,Recent Customer
RTL2817,344,2,1004.69,2,3,1,231,At Risk
RTL2818,46,1,476.32,5,1,1,511,Recent Customer
RTL2819,12,4,16324.1,5,5,4,554,Loyal Customer
RTL2820,125,6,16158.38,4,5,4,454,Loyal Customer
RTL2821,165,1,1463.95,4,1,1,411,Recent Customer
RTL2825,32,4,28992.21,5,5,5,555,Champion
RTL2826,11,1,77708.5,5,1,5,515,Recent Customer
RTL2827,297,3,5657.03,3,4,2,342,Others
RTL2828,131,5,23313.86,4,5,5,455,Loyal Customer
RTL2829,192,3,9496.17,4,4,3,443,Loyal Customer
RTL2830,126,4,9260.6,4,5,3,453,Loyal Customer
RTL2831,390,1,4886.85,2,1,2,212,At Risk
RTL2832,738,1,706.0,1,1,1,111,At Risk
RTL2833,412,1,150.4,2,1,1,211,At Risk
RTL2834,289,3,1396.28,3,4,1,341,Others
RTL2835,381,3,2932.66,2,4,2,242,At Risk
RTL2836,161,3,14920.789999999999,4,4,4,444,Loyal Customer
RTL2838,155,3,390.28999999999996,4,4,1,441,Loyal Customer
RTL2839,96,2,4178.5199999999995,4,3,2,432,Recent Customer
RTL2840,551,1,2873.76,2,1,2,212,At Risk
RTL2841,500,3,14113.170000000002,2,4,4,244,At Risk
RTL2842,71,2,6168.9,5,3,3,533,Recent Customer
RTL2843,241,3,13895.15,3,4,4,344,Others
RTL2844,141,4,12646.62,4,5,4,454,Loyal Customer
RTL2845,824,1,322.33,1,1,1,111,At Risk
RTL2846,309,3,17824.65,3,4,4,344,Others
RTL2847,71,4,11683.720000000001,5,5,4,554,Loyal Customer
RTL2848,58,2,3687.3199999999997,5,3,2,532,Recent Customer
RTL2849,833,1,1615.76,1,1,1,111,At Risk
RTL2850,824,1,2203.48,1,1,1,111,At Risk
RTL2851,734,1,2901.8,1,1,2,112,At Risk
RTL2852,72,2,15596.55,5,3,4,534,Recent Customer
RTL2854,241,4,5625.39,3,5,2,352,Others
RTL2855,129,4,10146.51,4,5,3,453,Loyal Customer
RTL2856,848,2,7685.0,1,3,3,133,At Risk
RTL2857,997,1,5371.11,1,1,2,112,At Risk
RTL2858,327,4,16553.89,3,5,4,354,Others
RTL2859,103,3,14168.670000000002,4,4,4,444,Loyal Customer
RTL2860,569,1,6343.62,1,1,3,113,At Risk
RTL2861,488,3,23068.190000000002,2,4,5,245,At Risk
RTL2862,902,2,12577.07,1,3,4,134,At Risk
RTL2863,741,2,10558.310000000001,1,3,3,133,At Risk
RTL2864,578,4,456478.64999999997,1,5,5,155,At Risk
RTL2865,1009,1,151.97,1,1,1,111,At Risk
RTL2867,37,1,3596.54,5,1,2,512,Recent Customer
RTL2868,466,1,239.27,2,1,1,211,At Risk
RTL2869,470,2,6908.98,2,3,3,233,At Risk
RTL2871,331,2,5455.09,3,3,2,332,Others
RTL2872,459,1,151.09,2,1,1,211,At Risk
RTL2873,247,2,1463.46,3,3,1,331,Others
RTL2874,85,3,7356.69,5,4,3,543,Loyal Customer
RTL2875,10,4,20902.69,5,5,5,555,Champion
RTL2876,170,5,9259.62,4,5,3,453,Loyal Customer
RTL2877,487,1,2095.74,2,1,1,211,At Risk
RTL2878,769,1,6592.54,1,1,3,113,At Risk
RTL2879,591,2,8809.05,1,3,3,133,At Risk
RTL2880,119,2,10086.17,4,3,3,433,Recent Customer
RTL2881,83,3,12077.09,5,4,4,544,Loyal Customer
RTL2882,164,1,1173.69,4,1,1,411,Recent Customer
RTL2883,586,1,193.3,1,1,1,111,At Risk
RTL2884,150,2,4093.3599999999997,4,3,2,432,Recent Customer
RTL2885,450,2,2570.58,2,3,2,232,At Risk
RTL2886,1008,1,2250.45,1,1,1,111,At Risk
RTL2887,63,4,13909.55,5,5,4,554,Loyal Customer
RTL2888,294,1,1432.78,3,1,1,311,Others
RTL2889,183,2,266137.35,4,3,5,435,Recent Customer
RTL2890,285,4,13953.71,3,5,4,354,Others
RTL2891,794,1,38.81,1,1,1,111,At Risk
RTL2892,268,2,6947.17,3,3,3,333,Others
RTL2893,493,3,106251.14,2,4,5,245,At Risk
RTL2894,442,1,1768.59,2,1,1,211,At Risk
RTL2895,28,3,17654.05,5,4,4,544,Loyal Customer
RTL2896,285,2,14138.939999999999,3,3,4,334,Others
RTL2897,61,3,17659.14,5,4,4,544,Loyal Customer
RTL2899,367,4,10363.44,2,5,3,253,At Risk
RTL2900,214,2,6336.93,3,3,3,333,Others
RTL2901,54,3,113984.79999999999,5,4,5,545,Loyal Customer
RTL2903,413,3,4142.110000000001,2,4,2,242,At Risk
RTL2904,35,3,14511.779999999999,5,4,4,544,Loyal Customer
RTL2906,373,2,29185.7,2,3,5,235,At Risk
RTL2907,70,4,611383.38,5,5,5,555,Champion
RTL2908,570,3,39915.71,1,4,5,145,At Risk
RTL2909,869,4,14376.86,1,5,4,154,At Risk
RTL2910,478,1,3199.04,2,1,2,212,At Risk
RTL2913,73,4,18897.940000000002,5,5,5,555,Champion
RTL2914,544,2,20104.94,2,3,5,235,At Risk
RTL2915,276,2,4521.32,3,3,2,332,Others
RTL2916,211,4,5831.66,3,5,2,352,Others
RTL2917,641,1,4966.95,1,1,2,112,At Risk
RTL2918,810,1,3299.36,1,1,2,112,At Risk
RTL2920,482,1,2792.66,2,1,2,212,At Risk
RTL2921,232,2,1575.9,3,3,1,331,Others
RTL2922,110,4,13173.74,4,5,4,454,Loyal Customer
RTL2923,191,4,22506.77,4,5,5,455,Loyal Customer
RTL2924,59,2,708.19,5,3,1,531,Recent Customer
RTL2925,477,2,14698.73,2,3,4,234,At Risk
RTL2926,676,2,11606.59,1,3,4,134,At Risk
RTL2927,1004,1,6516.32,1,1,3,113,At Risk
RTL2928,63,2,7885.16,5,3,3,533,Recent Customer
RTL2929,717,3,3263075.57,1,4,5,145,At Risk
RTL2930,187,2,1375.38,4,3,1,431,Recent Customer
RTL2931,21,1,9571.92,5,1,3,513,Recent Customer
RTL2932,26,2,25712.4,5,3,5,535,Recent Customer
RTL2933,610,1,456.55,1,1,1,111,At Risk
RTL2934,702,1,8578.4,1,1,3,113,At Risk
RTL2935,436,1,15373.6,2,1,4,214,At Risk
RTL2937,108,3,552486.53,4,4,5,445,Loyal Customer
RTL2938,324,1,3689.51,3,1,2,312,Others
RTL2940,989,1,2292.08,1,1,1,111,At Risk
RTL2941,294,2,19975.2,3,3,5,335,Others
RTL2943,229,1,4876.13,3,1,2,312,Others
RTL2944,207,5,1192940.92,3,5,5,355,Others
RTL2945,796,1,8023.62,1,1,3,113,At Risk
RTL2947,95,2,10537.58,4,3,3,433,Recent Customer
RTL2948,255,1,2658.1,3,1,2,312,Others
RTL2950,388,2,2246.52,2,3,1,231,At Risk
RTL2951,391,1,7255.15,2,1,3,213,At Risk
RTL2952,717,1,578.95,1,1,1,111,At Risk
RTL2953,25,1,10683.9,5,1,3,513,Recent Customer
RTL2954,448,4,18171.65,2,5,4,254,At Risk
RTL2955,48,4,19402.15,5,5,5,555,Champion
RTL2956,26,3,7594.24,5,4,3,543,Loyal Customer
RTL2957,64,3,1184.32,5,4,1,541,Loyal Customer
RTL2958,53,5,18745.440000000002,5,5,5,555,Champion
RTL2959,225,1,945.08,3,1,1,311,Others
RTL2960,283,1,2025.21,3,1,1,311,Others
RTL2961,492,2,6782.5,2,3,3,233,At Risk
RTL2962,177,1,3942.49,4,1,2,412,Recent Customer
RTL2963,531,1,171.63,2,1,1,211,At Risk
RTL2964,382,3,2168.04,2,4,1,241,At Risk
RTL2966,641,4,18169.86,1,5,4,154,At Risk
RTL2967,407,3,21837.739999999998,2,4,5,245,At Risk
RTL2968,775,1,1232.04,1,1,1,111,At Risk
RTL2969,53,1,4316.58,5,1,2,512,Recent Customer
RTL2970,761,2,12164.48,1,3,4,134,At Risk
RTL2971,163,3,11390.77,4,4,4,444,Loyal Customer
RTL2972,122,2,5208.4400000000005,4,3,2,432,Recent Customer
RTL2973,78,2,9673.94,5,3,3,533,Recent Customer
RTL2974,76,3,558523.24,5,4,5,545,Loyal Customer
RTL2975,37,3,21748.010000000002,5,4,5,545,Loyal Customer
RTL2976,198,2,623.37,3,3,1,331,Others
RTL2977,419,2,890.2,2,3,1,231,At Risk
RTL2978,114,3,11306.619999999999,4,4,4,444,Loyal Customer
RTL2979,428,2,12836.73,2,3,4,234,At Risk
RTL2980,362,2,31618.199999999997,2,3,5,235,At Risk
RTL2981,100,1,2934.36,4,1,2,412,Recent Customer
RTL2982,577,2,29634.620000000003,1,3,5,135,At Risk
RTL2983,847,1,1024.2,1,1,1,111,At Risk
RTL2984,369,1,2862.97,2,1,2,212,At Risk
RTL2985,939,1,13.04,1,1,1,111,At Risk
RTL2987,872,2,1034.64,1,3,1,131,At Risk
RTL2988,782,2,403519.45,1,3,5,135,At Risk
RTL2989,219,2,2208.79,3,3,1,331,Others
RTL2990,509,3,7788.299999999999,2,4,3,243,At Risk
RTL2992,9,7,23460.64,5,5,5,555,Champion
RTL2993,148,2,1809.96,4,3,1,431,Recent Customer
RTL2994,43,3,8553.380000000001,5,4,3,543,Loyal Customer
RTL2995,220,5,16933.37,3,5,4,354,Others
RTL2996,498,2,25979.5,2,3,5,235,At Risk
RTL2997,493,2,8362.19,2,3,3,233,At Risk
RTL2998,141,1,398.43,4,1,1,411,Recent Customer
RTL2999,828,2,12196.17,1,3,4,134,At Risk
RTL3000,253,2,6994.5,3,3,3,333,Others
RTL3001,671,2,7794.23,1,3,3,133,At Risk
RTL3002,420,4,3199.89,2,5,2,252,At Risk
RTL3003,530,2,3328.2,2,3,2,232,At Risk
RTL3006,380,2,6155.969999999999,2,3,3,233,At Risk
RTL3007,15,3,69519.05,5,4,5,545,Loyal Customer
RTL3010,193,4,2144.9300000000003,3,5,1,351,Others
RTL3011,73,3,23076.239999999998,5,4,5,545,Loyal Customer
RTL3012,251,1,1701.28,3,1,1,311,Others
RTL3013,395,5,18298.39,2,5,4,254,At Risk
RTL3014,706,3,9354.61,1,4,3,143,At Risk
RTL3015,98,2,9843.960000000001,4,3,3,433,Recent Customer
RTL3016,52,3,671921.84,5,4,5,545,Loyal Customer
RTL3017,810,1,4724.8,1,1,2,112,At Risk
RTL3018,247,6,1806060.08,3,5,5,355,Others
RTL3019,115,5,14598.57,4,5,4,454,Loyal Customer
RTL3020,320,2,19083.53,3,3,5,335,Others
RTL3021,682,1,4485.14,1,1,2,112,At Risk
RTL3022,27,5,18463.08,5,5,4,554,Loyal Customer
RTL3023,639,2,12395.009999999998,1,3,4,134,At Risk
RTL3024,344,1,960.0,2,1,1,211,At Risk
RTL3025,481,1,6747.09,2,1,3,213,At Risk
RTL3026,63,2,7172.099999999999,5,3,3,533,Recent Customer
RTL3027,777,1,2440.85,1,1,2,112,At Risk
RTL3028,207,1,1299.94,3,1,1,311,Others
RTL3029,91,4,12611.09,4,5,4,454,Loyal Customer
RTL3030,686,2,3098.96,1,3,2,132,At Risk
RTL3031,177,5,28954.29,4,5,5,455,Loyal Customer
RTL3032,285,1,1281.21,3,1,1,311,Others
RTL3033,615,2,11130.66,1,3,4,134,At Risk
RTL3034,48,1,10367.5,5,1,3,513,Recent Customer
RTL3035,900,2,9131.09,1,3,3,133,At Risk
RTL3036,379,3,5896.179999999999,2,4,2,242,At Risk
RTL3037,285,3,25543.829999999998,3,4,5,345,Others
RTL3038,217,4,291356.62,3,5,5,355,Others
RTL3039,227,1,1056.47,3,1,1,311,Others
RTL3040,687,2,7428.4400000000005,1,3,3,133,At Risk
RTL3041,100,2,3777.9300000000003,4,3,2,432,Recent Customer
RTL3042,135,2,1083.8700000000001,4,3,1,431,Recent Customer
RTL3044,4,5,29384.5,5,5,5,555,Champion
RTL3045,138,2,9829.69,4,3,3,433,Recent Customer
RTL3046,90,2,20416.56,4,3,5,435,Recent Customer
RTL3048,275,2,1633.7,3,3,1,331,Others
RTL3049,75,6,159999.55,5,5,5,555,Champion
RTL3050,413,2,20513.12,2,3,5,235,At Risk
RTL3051,120,3,11931.73,4,4,4,444,Loyal Customer
RTL3052,50,4,11681.630000000001,5,5,4,554,Loyal Customer
RTL3053,715,2,14472.630000000001,1,3,4,134,At Risk
RTL3054,689,1,11275.0,1,1,4,114,At Risk
RTL3055,86,3,8164.179999999999,5,4,3,543,Loyal Customer
RTL3056,102,1,125.24,4,1,1,411,Recent Customer
RTL3058,291,1,12823.5,3,1,4,314,Others
RTL3059,18,7,34434.4,5,5,5,555,Champion
RTL3060,386,2,7200.04,2,3,3,233,At Risk
RTL3061,205,4,17642.98,3,5,4,354,Others
RTL3062,273,3,7145.72,3,4,3,343,Others
RTL3063,802,3,10006.13,1,4,3,143,At Risk
RTL3064,726,1,3834.22,1,1,2,112,At Risk
RTL3065,501,4,7776.140000000001,2,5,3,253,At Risk
RTL3066,270,3,11948.6,3,4,4,344,Others
RTL3067,519,3,14601.14,2,4,4,244,At Risk
RTL3068,146,2,11094.49,4,3,4,434,Recent Customer
RTL3069,609,3,17389.32,1,4,4,144,At Risk
RTL3070,94,4,3230899.6,4,5,5,455,Loyal Customer
RTL3071,291,3,22984.23,3,4,5,345,Others
RTL3072,82,3,8290.06,5,4,3,543,Loyal Customer
RTL3073,135,5,19338.32,4,5,5,455,Loyal Customer
RTL3074,672,2,5528.42,1,3,2,132,At Risk
RTL3075,586,1,8964.96,1,1,3,113,At Risk
RTL3076,103,5,12883.130000000001,4,5,4,454,Loyal Customer
RTL3080,37,3,8364.45,5,4,3,543,Loyal Customer
RTL3081,75,1,67.93,5,1,1,511,Recent Customer
RTL3082,899,1,921.77,1,1,1,111,At Risk
RTL3083,677,1,4046.28,1,1,2,112,At Risk
RTL3084,979,1,5470.43,1,1,2,112,At Risk
RTL3086,350,1,451.03,2,1,1,211,At Risk
RTL3088,189,2,8436.279999999999,4,3,3,433,Recent Customer
RTL3089,936,1,1416.6,1,1,1,111,At Risk
RTL3090,245,5,19965.77,3,5,5,355,Others
RTL3091,284,2,932.65,3,3,1,331,Others
RTL3092,48,2,3914.63,5,3,2,532,Recent Customer
RTL3093,540,2,4017.73,2,3,2,232,At Risk
RTL3095,5,2,120734.18,5,3,5,535,Recent Customer
RTL3096,14,2,11232.94,5,3,4,534,Recent Customer
RTL3097,270,4,9667.58,3,5,3,353,Others
RTL3098,797,1,320.82,1,1,1,111,At Risk
RTL3100,84,4,10794.760000000002,5,5,3,553,Loyal Customer
RTL3103,914,1,109.75,1,1,1,111,At Risk
RTL3104,156,3,13159.96,4,4,4,444,Loyal Customer
RTL3105,223,2,3846.56,3,3,2,332,Others
RTL3106,125,4,13816.18,4,5,4,454,Loyal Customer
RTL3107,190,3,3987.3100000000004,4,4,2,442,Loyal Customer
RTL3108,797,1,2110.8,1,1,1,111,At Risk
RTL3109,56,4,131533.31,5,5,5,555,Champion
RTL3110,604,1,10699.5,1,1,3,113,At Risk
RTL3112,140,3,83559.81000000001,4,4,5,445,Loyal Customer
RTL3113,444,2,7586.61,2,3,3,233,At Risk
RTL3114,397,2,10088.710000000001,2,3,3,233,At Risk
RTL3115,217,4,33419.060000000005,3,5,5,355,Others
RTL3116,786,2,366.45000000000005,1,3,1,131,At Risk
RTL3117,164,4,16695.39,4,5,4,454,Loyal Customer
RTL3119,325,2,5486.59,3,3,2,332,Others
RTL3120,292,3,22801.81,3,4,5,345,Others
RTL3121,593,1,5258.08,1,1,2,112,At Risk
RTL3122,769,1,4214.38,1,1,2,112,At Risk
RTL3123,303,3,3300.99,3,4,2,342,Others
RTL3124,372,3,3852.5099999999998,2,4,2,242,At Risk
RTL3125,450,3,6094.27,2,4,3,243,At Risk
RTL3126,41,5,16190.85,5,5,4,554,Loyal Customer
RTL3127,392,1,112.34,2,1,1,211,At Risk
RTL3128,746,3,1585.04,1,4,1,141,At Risk
RTL3129,96,10,19679.47,4,5,5,455,Loyal Customer
RTL3131,422,2,5234.04,2,3,2,232,At Risk
RTL3132,518,1,3777.96,2,1,2,212,At Risk
RTL3133,58,2,17772.5,5,3,4,534,Recent Customer
RTL3135,913,1,884.3,1,1,1,111,At Risk
RTL3137,457,2,3129624.12,2,3,5,235,At Risk
RTL3138,318,3,27046.15,3,4,5,345,Others
RTL3139,363,1,11165.9,2,1,4,214,At Risk
RTL3140,291,6,14173.619999999999,3,5,4,354,Others
RTL3141,612,2,10193.84,1,3,3,133,At Risk
RTL3142,546,4,795659.35,2,5,5,255,At Risk
RTL3143,83,2,1482862.36,5,3,5,535,Recent Customer
RTL3144,521,2,34438.79,2,3,5,235,At Risk
RTL3145,129,1,1529.08,4,1,1,411,Recent Customer
RTL3146,345,2,3136.86,2,3,2,232,At Risk
RTL3148,64,5,22364.14,5,5,5,555,Champion
RTL3149,897,1,2208.6,1,1,1,111,At Risk
RTL3150,89,1,2345.25,4,1,1,411,Recent Customer
RTL3151,114,4,17402.420000000002,4,5,4,454,Loyal Customer
RTL3153,705,1,4045.86,1,1,2,112,At Risk
RTL3154,280,2,5268.62,3,3,2,332,Others
RTL3155,52,4,4522.24,5,5,2,552,Loyal Customer
RTL3156,195,4,2433.61,3,5,2,352,Others
RTL3157,210,1,5322.53,3,1,2,312,Others
RTL3158,675,1,8129.68,1,1,3,113,At Risk
RTL3159,6,3,12235.220000000001,5,4,4,544,Loyal Customer
RTL3160,173,6,176506.3,4,5,5,455,Loyal Customer
RTL3161,474,2,947.19,2,3,1,231,At Risk
RTL3162,32,3,80496.74,5,4,5,545,Loyal Customer
RTL3163,430,2,15710.199999999999,2,3,4,234,At Risk
RTL3164,42,4,15083.98,5,5,4,554,Loyal Customer
RTL3165,159,2,5273.139999999999,4,3,2,432,Recent Customer
RTL3166,534,2,3782.24,2,3,2,232,At Risk
RTL3167,331,4,7435.46,3,5,3,353,Others
RTL3168,281,2,222.64999999999998,3,3,1,331,Others
RTL3169,671,1,3171.86,1,1,2,112,At Risk
RTL3170,857,1,1771.94,1,1,1,111,At Risk
RTL3171,595,2,5061.46,1,3,2,132,At Risk
RTL3172,180,4,9539.16,4,5,3,453,Loyal Customer
RTL3173,320,2,4774.42,3,3,2,332,Others
RTL3174,403,3,32563.15,2,4,5,245,At Risk
RTL3175,798,2,459.96000000000004,1,3,1,131,At Risk
RTL3176,299,3,24498.480000000003,3,4,5,345,Others
RTL3177,102,4,13503.64,4,5,4,454,Loyal Customer
RTL3178,465,1,770.17,2,1,1,211,At Risk
RTL3179,317,3,11154.53,3,4,4,344,Others
RTL3180,153,2,3055.5,4,3,2,432,Recent Customer
RTL3181,612,3,2011.98,1,4,1,141,At Risk
RTL3182,103,1,5058.13,4,1,2,412,Recent Customer
RTL3183,421,3,15848.14,2,4,4,244,At Risk
RTL3184,290,3,3317.0,3,4,2,342,Others
RTL3185,398,2,30982.9,2,3,5,235,At Risk
RTL3186,724,1,4671.87,1,1,2,112,At Risk
RTL3187,893,1,4341.5,1,1,2,112,At Risk
RTL3188,214,3,9197.53,3,4,3,343,Others
RTL3189,550,3,4862.6,2,4,2,242,At Risk
RTL3190,83,7,5485.23,5,5,2,552,Loyal Customer
RTL3191,163,2,2340.0499999999997,4,3,1,431,Recent Customer
RTL3192,70,3,13569.619999999999,5,4,4,544,Loyal Customer
RTL3193,672,2,6789.82,1,3,3,133,At Risk
RTL3194,173,3,4990.41,4,4,2,442,Loyal Customer
RTL3195,461,2,545.79,2,3,1,231,At Risk
RTL3196,29,3,2157082.66,5,4,5,545,Loyal Customer
RTL3197,165,2,5034.09,4,3,2,432,Recent Customer
RTL3199,724,2,1189575.0,1,3,5,135,At Risk
RTL3200,137,3,12328.95,4,4,4,444,Loyal Customer
RTL3202,80,1,5544.34,5,1,2,512,Recent Customer
RTL3204,154,5,33710.42,4,5,5,455,Loyal Customer
RTL3205,7,6,2919.79,5,5,2,552,Loyal Customer
RTL3206,689,1,683.92,1,1,1,111,At Risk
RTL3207,460,3,16512.84,2,4,4,244,At Risk
RTL3208,134,2,9446.19,4,3,3,433,Recent Customer
RTL3209,41,2,7713.07,5,3,3,533,Recent Customer
RTL3210,155,5,5820.84,4,5,2,452,Loyal Customer
RTL3211,541,2,21712.11,2,3,5,235,At Risk
RTL3212,170,3,5877.42,4,4,2,442,Loyal Customer
RTL3214,798,1,5734.51,1,1,2,112,At Risk
RTL3215,364,4,20574.62,2,5,5,255,At Risk
RTL3216,12,2,1010.3199999999999,5,3,1,531,Recent Customer
RTL3218,425,2,5724.84,2,3,2,232,At Risk
RTL3220,611,2,1572.2399999999998,1,3,1,131,At Risk
RTL3221,977,1,978.63,1,1,1,111,At Risk
RTL3223,132,4,10222.779999999999,4,5,3,453,Loyal Customer
RTL3224,523,1,1242.0,2,1,1,211,At Risk
RTL3225,198,3,748410.31,3,4,5,345,Others
RTL3226,579,2,4232.48,1,3,2,132,At Risk
RTL3227,628,2,6825.7,1,3,3,133,At Risk
RTL3228,133,1,2421.47,4,1,2,412,Recent Customer
RTL3230,32,2,72299570.35,5,3,5,535,Recent Customer
RTL3232,139,2,17033.75,4,3,4,434,Recent Customer
RTL3233,330,2,5333.93,3,3,2,332,Others
RTL3234,316,2,4284.25,3,3,2,332,Others
RTL3235,736,2,9951.23,1,3,3,133,At Risk
RTL3236,33,3,15949.970000000001,5,4,4,544,Loyal Customer
RTL3237,321,4,3854.2200000000003,3,5,2,352,Others
RTL3238,929,1,105.7,1,1,1,111,At Risk
RTL3239,653,3,3111.2000000000003,1,4,2,142,At Risk
RTL3240,508,2,9627.130000000001,2,3,3,233,At Risk
RTL3241,239,1,1373.35,3,1,1,311,Others
RTL3242,1015,1,1401.12,1,1,1,111,At Risk
RTL3243,119,4,7703.219999999999,4,5,3,453,Loyal Customer
RTL3244,186,3,4602.29,4,4,2,442,Loyal Customer
RTL3245,854,1,4396.64,1,1,2,112,At Risk
RTL3246,877,1,124.57,1,1,1,111,At Risk
RTL3247,127,3,15328.130000000001,4,4,4,444,Loyal Customer
RTL3248,351,1,273.78,2,1,1,211,At Risk
RTL3249,209,3,14319.01,3,4,4,344,Others
RTL3250,784,1,126.23,1,1,1,111,At Risk
RTL3251,190,2,13945.900000000001,4,3,4,434,Recent Customer
RTL3252,327,1,1556.83,3,1,1,311,Others
RTL3254,130,2,7447.870000000001,4,3,3,433,Recent Customer
RTL3255,436,2,3003.48,2,3,2,232,At Risk
RTL3256,854,1,3866.22,1,1,2,112,At Risk
RTL3257,124,3,6707.650000000001,4,4,3,443,Loyal Customer
RTL3258,389,5,26630.420000000002,2,5,5,255,At Risk
RTL3259,274,3,10618.79,3,4,3,343,Others
RTL3260,367,2,5256.3099999999995,2,3,2,232,At Risk
RTL3261,39,3,1958.61,5,4,1,541,Loyal Customer
RTL3262,466,1,3029.76,2,1,2,212,At Risk
RTL3263,237,3,9741.4,3,4,3,343,Others
RTL3264,138,1,1139.89,4,1,1,411,Recent Customer
RTL3265,489,4,25539.7,2,5,5,255,At Risk
RTL3266,765,2,3216.93,1,3,2,132,At Risk
RTL3267,398,2,6328.5,2,3,3,233,At Risk
RTL3268,259,2,11109.039999999999,3,3,4,334,Others
RTL3269,775,1,7973.25,1,1,3,113,At Risk
RTL3271,237,1,8672.02,3,1,3,313,Others
RTL3272,226,1,50.58,3,1,1,311,Others
RTL3273,172,1,588.54,4,1,1,411,Recent Customer
RTL3274,37,4,20166.43,5,5,5,555,Champion
RTL3275,446,3,11591.32,2,4,4,244,At Risk
RTL3276,258,2,9531.8,3,3,3,333,Others
RTL3277,20,2,12705.35,5,3,4,534,Recent Customer
RTL3278,952,1,310154.0,1,1,5,115,At Risk
RTL3279,435,3,2504778.11,2,4,5,245,At Risk
RTL3280,343,3,10884.13,2,4,3,243,At Risk
RTL3281,816,1,7399.04,1,1,3,113,At Risk
RTL3282,405,2,3722.37,2,3,2,232,At Risk
RTL3283,58,1,9311.0,5,1,3,513,Recent Customer
RTL3284,67,6,5891.28,5,5,2,552,Loyal Customer
RTL3285,641,1,178.01,1,1,1,111,At Risk
RTL3287,344,2,3879.16,2,3,2,232,At Risk
RTL3288,252,2,7257.03,3,3,3,333,Others
RTL3289,939,1,890.04,1,1,1,111,At Risk
RTL3290,431,3,19651.27,2,4,5,245,At Risk
RTL3291,181,3,21705.31,4,4,5,445,Loyal Customer
RTL3292,473,1,3880.44,2,1,2,212,At Risk
RTL3293,503,3,13088.85,2,4,4,244,At Risk
RTL3294,984,1,939.54,1,1,1,111,At Risk
RTL3295,391,3,7545.34,2,4,3,243,At Risk
RTL3296,519,3,21180.300000000003,2,4,5,245,At Risk
RTL3297,167,1,18274.7,4,1,4,414,Recent Customer
RTL3298,774,1,10756.8,1,1,3,113,At Risk
RTL3299,152,1,8605.68,4,1,3,413,Recent Customer
RTL3300,93,5,38730.66,4,5,5,455,Loyal Customer
RTL3302,629,1,8000.62,1,1,3,113,At Risk
RTL3303,311,3,19578.18,3,4,5,345,Others
RTL3304,420,3,3828.5,2,4,2,242,At Risk
RTL3305,144,7,31578.46,4,5,5,455,Loyal Customer
RTL3306,433,3,20086.64,2,4,5,245,At Risk
RTL3307,220,4,21986.3,3,5,5,355,Others
RTL3308,45,3,8469.2,5,4,3,543,Loyal Customer
RTL3309,341,1,3681.84,2,1,2,212,At Risk
RTL3311,4,3,7735.4,5,4,3,543,Loyal Customer
RTL3312,772,1,5785.12,1,1,2,112,At Risk
RTL3313,87,5,6175.26,5,5,3,553,Loyal Customer
RTL3314,253,3,19752.48,3,4,5,345,Others
RTL3315,372,1,2375.44,2,1,1,211,At Risk
RTL3316,323,1,1209.39,3,1,1,311,Others
RTL3317,20,3,8699.01,5,4,3,543,Loyal Customer
RTL3318,517,1,9866.02,2,1,3,213,At Risk
RTL3319,356,2,6552.55,2,3,3,233,At Risk
RTL3322,231,2,15033.09,3,3,4,334,Others
RTL3323,419,1,532978.0,2,1,5,215,At Risk
RTL3324,112,4,22945.22,4,5,5,455,Loyal Customer
RTL3325,172,2,3176.35,4,3,2,432,Recent Customer
RTL3326,500,3,7884.5199999999995,2,4,3,243,At Risk
RTL3327,563,2,15566.61,1,3,4,134,At Risk
RTL3328,111,1,2082.54,4,1,1,411,Recent Customer
RTL3329,865,1,941.29,1,1,1,111,At Risk
RTL3330,114,3,5752.68,4,4,2,442,Loyal Customer
RTL3331,451,5,31548.95,2,5,5,255,At Risk
RTL3333,262,2,5615.29,3,3,2,332,Others
RTL3334,732,1,3942.38,1,1,2,112,At Risk
RTL3335,198,3,14480.7,3,4,4,344,Others
RTL3336,455,1,3530.96,2,1,2,212,At Risk
RTL3337,211,1,4181.52,3,1,2,312,Others
RTL3339,659,1,10089.2,1,1,3,113,At Risk
RTL3340,102,2,12941.48,4,3,4,434,Recent Customer
RTL3341,19,3,451046.55,5,4,5,545,Loyal Customer
RTL3342,315,1,1168.75,3,1,1,311,Others
RTL3343,90,2,3513.32,4,3,2,432,Recent Customer
RTL3344,6,4,3647.4700000000003,5,5,2,552,Loyal Customer
RTL3345,420,1,4009.2,2,1,2,212,At Risk
RTL3346,492,3,3791.84,2,4,2,242,At Risk
RTL3349,737,2,9659.880000000001,1,3,3,133,At Risk
RTL3350,15,4,20168.879999999997,5,5,5,555,Champion
RTL3352,329,5,14057.98,3,5,4,354,Others
RTL3353,398,3,19335.47,2,4,5,245,At Risk
RTL3355,28,4,9900.699999999999,5,5,3,553,Loyal Customer
RTL3356,976,1,5959.64,1,1,2,112,At Risk
RTL3357,116,3,5679.23,4,4,2,442,Loyal Customer
RTL3358,401,4,12167.06,2,5,4,254,At Risk
RTL3360,226,5,24666.98,3,5,5,355,Others
RTL3361,36,2,4344.37,5,3,2,532,Recent Customer
RTL3362,331,5,15798.09,3,5,4,354,Others
RTL3363,373,5,10163.640000000001,2,5,3,253,At Risk
RTL3364,168,3,19719.81,4,4,5,445,Loyal Customer
RTL3365,200,1,7802.3,3,1,3,313,Others
RTL3366,409,2,5143.26,2,3,2,232,At Risk
RTL3367,268,2,1528.62,3,3,1,331,Others
RTL3368,358,1,916.89,2,1,1,211,At Risk
RTL3369,85,3,8748.07,5,4,3,543,Loyal Customer
RTL3370,82,2,14066.06,5,3,4,534,Recent Customer
RTL3371,280,3,9258.2,3,4,3,343,Others
RTL3372,22,4,50066.630000000005,5,5,5,555,Champion
RTL3373,147,3,4606.639999999999,4,4,2,442,Loyal Customer
RTL3374,374,2,2986.36,2,3,2,232,At Risk
RTL3375,482,1,2921.79,2,1,2,212,At Risk
RTL3376,51,2,15733.72,5,3,4,534,Recent Customer
RTL3377,121,3,10245.08,4,4,3,443,Loyal Customer
RTL3378,782,2,14908.3,1,3,4,134,At Risk
RTL3379,29,4,8316.82,5,5,3,553,Loyal Customer
RTL3380,31,1,2529.41,5,1,2,512,Recent Customer
RTL3381,581,3,1151290.22,1,4,5,145,At Risk
RTL3382,537,2,14817.84,2,3,4,234,At Risk
RTL3383,688,1,6736.16,1,1,3,113,At Risk
RTL3384,289,2,9650.93,3,3,3,333,Others
RTL3385,1013,1,1317.38,1,1,1,111,At Risk
RTL3386,15,3,410161.23,5,4,5,545,Loyal Customer
RTL3387,85,4,15793.45,5,5,4,554,Loyal Customer
RTL3389,175,2,2947.1800000000003,4,3,2,432,Recent Customer
RTL3390,855,2,5953.18,1,3,2,132,At Risk
RTL3391,98,3,21478.260000000002,4,4,5,445,Loyal Customer
RTL3393,46,2,961.34,5,3,1,531,Recent Customer
RTL3394,654,3,1053.32,1,4,1,141,At Risk
RTL3396,763,1,110.87,1,1,1,111,At Risk
RTL3398,196,2,1126.97,3,3,1,331,Others
RTL3400,278,2,34630.42,3,3,5,335,Others
RTL3401,438,3,12847.619999999999,2,4,4,244,At Risk
RTL3403,11,1,453.7,5,1,1,511,Recent Customer
RTL3404,669,1,3465.93,1,1,2,112,At Risk
RTL3405,66,1,264.01,5,1,1,511,Recent Customer
RTL3406,846,2,11984.990000000002,1,3,4,134,At Risk
RTL3407,710,1,530.56,1,1,1,111,At Risk
RTL3409,345,3,12970.43,2,4,4,244,At Risk
RTL3410,42,2,4268.07,5,3,2,532,Recent Customer
RTL3411,419,2,3327.3,2,3,2,232,At Risk
RTL3412,192,1,11164.9,4,1,4,414,Recent Customer
RTL3413,262,4,15528.11,3,5,4,354,Others
RTL3414,317,4,536870.8,3,5,5,355,Others
RTL3415,761,1,1235.82,1,1,1,111,At Risk
RTL3417,81,2,23329.39,5,3,5,535,Recent Customer
RTL3418,472,2,16808.56,2,3,4,234,At Risk
RTL3419,69,3,991757.1,5,4,5,545,Loyal Customer
RTL3420,78,3,4773.25,5,4,2,542,Loyal Customer
RTL3421,530,2,8415.72,2,3,3,233,At Risk
RTL3422,58,3,14127.69,5,4,4,544,Loyal Customer
RTL3423,12,2,4188.73,5,3,2,532,Recent Customer
RTL3424,83,2,3923.3399999999997,5,3,2,532,Recent Customer
RTL3425,604,3,16457.309999999998,1,4,4,144,At Risk
RTL3426,127,4,37574.82,4,5,5,455,Loyal Customer
RTL3427,45,6,12854.94,5,5,4,554,Loyal Customer
RTL3428,899,1,1340.7,1,1,1,111,At Risk
RTL3429,64,5,5638.78,5,5,2,552,Loyal Customer
RTL3430,10,4,13001.54,5,5,4,554,Loyal Customer
RTL3431,81,1,12713.9,5,1,4,514,Recent Customer
RTL3433,534,1,543.54,2,1,1,211,At Risk
RTL3434,957,1,915.25,1,1,1,111,At Risk
RTL3435,476,1,2695.45,2,1,2,212,At Risk
RTL3436,291,2,519.2,3,3,1,331,Others
RTL3437,372,1,278.53,2,1,1,211,At Risk
RTL3438,249,2,8669.369999999999,3,3,3,333,Others
RTL3440,20,3,11613.05,5,4,4,544,Loyal Customer
RTL3441,927,1,1568.77,1,1,1,111,At Risk
RTL3442,45,2,766.92,5,3,1,531,Recent Customer
RTL3443,133,4,17585.53,4,5,4,454,Loyal Customer
RTL3444,51,3,12099.66,5,4,4,544,Loyal Customer
RTL3445,278,4,16164.37,3,5,4,354,Others
RTL3447,34,4,27470.88,5,5,5,555,Champion
RTL3448,62,1,3954.86,5,1,2,512,Recent Customer
RTL3449,1019,1,232.37,1,1,1,111,At Risk
RTL3450,162,4,18453.75,4,5,4,454,Loyal Customer
RTL3452,115,4,31327.36,4,5,5,455,Loyal Customer
RTL3453,449,1,7688.54,2,1,3,213,At Risk
RTL3454,87,5,24502.699999999997,5,5,5,555,Champion
RTL3455,557,3,9557.66,1,4,3,143,At Risk
RTL3456,580,1,450.99,1,1,1,111,At Risk
RTL3457,35,4,10683.939999999999,5,5,3,553,Loyal Customer
RTL3458,446,1,7799.8,2,1,3,213,At Risk
RTL3459,233,3,5247.04,3,4,2,342,Others
RTL3460,872,2,8966.11,1,3,3,133,At Risk
RTL3461,151,2,24155.589999999997,4,3,5,435,Recent Customer
RTL3462,964,1,2357.28,1,1,1,111,At Risk
RTL3463,838,1,1183.68,1,1,1,111,At Risk
RTL3464,595,2,3205.65,1,3,2,132,At Risk
RTL3465,10,5,33372.15,5,5,5,555,Champion
RTL3466,781,1,576.1,1,1,1,111,At Risk
RTL3467,46,3,14110.91,5,4,4,544,Loyal Customer
RTL3468,502,1,3272.72,2,1,2,212,At Risk
RTL3469,449,2,6129.66,2,3,3,233,At Risk
RTL3470,207,3,4231.58,3,4,2,342,Others
RTL3471,779,2,15472.310000000001,1,3,4,134,At Risk
RTL3472,298,1,855.2,3,1,1,311,Others
RTL3473,217,2,6539.400000000001,3,3,3,333,Others
RTL3474,451,3,3011.2999999999997,2,4,2,242,At Risk
RTL3475,296,4,9709.11,3,5,3,353,Others
RTL3476,186,2,4169.280000000001,4,3,2,432,Recent Customer
RTL3478,192,3,15219.56,4,4,4,444,Loyal Customer
RTL3479,507,3,6600.83,2,4,3,243,At Risk
RTL3480,156,2,6130.34,4,3,3,433,Recent Customer
RTL3482,123,2,7893.07,4,3,3,433,Recent Customer
RTL3483,138,5,12966.76,4,5,4,454,Loyal Customer
RTL3485,14,2,15798.34,5,3,4,534,Recent Customer
RTL3486,5,4,21729.27,5,5,5,555,Champion
RTL3487,515,1,3092.96,2,1,2,212,At Risk
RTL3488,39,2,5282.95,5,3,2,532,Recent Customer
RTL3489,216,2,283.89,3,3,1,331,Others
RTL3491,195,3,24428.16,3,4,5,345,Others
RTL3492,135,2,2342.1800000000003,4,3,1,431,Recent Customer
RTL3493,572,2,13672.18,1,3,4,134,At Risk
RTL3494,352,3,15279.62,2,4,4,244,At Risk
RTL3495,98,1,452.2,4,1,1,411,Recent Customer
RTL3498,106,3,1413622.14,4,4,5,445,Loyal Customer
RTL3499,35,3,26182.7,5,4,5,545,Loyal Customer
RTL3500,186,3,6673.8099999999995,4,4,3,443,Loyal Customer
RTL3501,63,4,2306.87,5,5,1,551,Loyal Customer
RTL3502,364,3,8253.28,2,4,3,243,At Risk
RTL3503,262,2,6617.5599999999995,3,3,3,333,Others
RTL3504,140,3,5649.34,4,4,2,442,Loyal Customer
RTL3505,281,2,2287.6,3,3,1,331,Others
RTL3506,926,1,1967.3,1,1,1,111,At Risk
RTL3507,52,3,3022.29,5,4,2,542,Loyal Customer
RTL3508,1006,1,737.21,1,1,1,111,At Risk
RTL3509,621,1,272.96,1,1,1,111,At Risk
RTL3511,610,2,18273.079999999998,1,3,4,134,At Risk
RTL3512,238,6,17657.02,3,5,4,354,Others
RTL3513,85,4,32061.68,5,5,5,555,Champion
RTL3515,129,2,42617.659999999996,4,3,5,435,Recent Customer
RTL3516,58,3,24090.11,5,4,5,545,Loyal Customer
RTL3517,298,2,6672.66,3,3,3,333,Others
RTL3518,64,3,25143.469999999998,5,4,5,545,Loyal Customer
RTL3519,119,4,24890.18,4,5,5,455,Loyal Customer
RTL3520,606,1,18.0,1,1,1,111,At Risk
RTL3521,33,1,3888.84,5,1,2,512,Recent Customer
RTL3522,22,2,14770.869999999999,5,3,4,534,Recent Customer
RTL3523,141,5,36055.77,4,5,5,455,Loyal Customer
RTL3524,584,2,10900.56,1,3,3,133,At Risk
RTL3525,223,1,576.9,3,1,1,311,Others
RTL3526,268,2,1970.1,3,3,1,331,Others
RTL3527,119,2,13383.970000000001,4,3,4,434,Recent Customer
RTL3528,383,1,9314.37,2,1,3,213,At Risk
RTL3529,84,2,12907.38,5,3,4,534,Recent Customer
RTL3530,453,1,1038.19,2,1,1,211,At Risk
RTL3531,135,4,44423.72,4,5,5,455,Loyal Customer
RTL3532,636,1,46.91,1,1,1,111,At Risk
RTL3533,29,5,15117.06,5,5,4,554,Loyal Customer
RTL3534,197,2,1338.35,3,3,1,331,Others
RTL3535,32,3,11085.460000000001,5,4,4,544,Loyal Customer
RTL3536,586,1,65.09,1,1,1,111,At Risk
RTL3537,903,1,1751.52,1,1,1,111,At Risk
RTL3538,1,5,148511.45,5,5,5,555,Champion
RTL3539,261,1,8163.0,3,1,3,313,Others
RTL3540,178,2,32161.19,4,3,5,435,Recent Customer
RTL3541,581,2,8899.92,1,3,3,133,At Risk
RTL3542,64,2,7008.06,5,3,3,533,Recent Customer
RTL3543,684,2,8030.969999999999,1,3,3,133,At Risk
RTL3544,365,2,7381.34,2,3,3,233,At Risk
RTL3546,178,4,9269.27,4,5,3,453,Loyal Customer
RTL3547,503,1,2594.94,2,1,2,212,At Risk
RTL3548,320,3,12811.509999999998,3,4,4,344,Others
RTL3549,51,3,7551.7,5,4,3,543,Loyal Customer
RTL3550,23,2,14600.51,5,3,4,534,Recent Customer
RTL3551,197,6,38552.01,3,5,5,355,Others
RTL3552,241,2,3285.9700000000003,3,3,2,332,Others
RTL3553,176,1,1945.43,4,1,1,411,Recent Customer
RTL3554,48,5,30578.989999999998,5,5,5,555,Champion
RTL3555,176,2,27771.2,4,3,5,435,Recent Customer
RTL3556,83,4,12419.300000000001,5,5,4,554,Loyal Customer
RTL3557,588,2,10480.83,1,3,3,133,At Risk
RTL3558,11,2,16156.08,5,3,4,534,Recent Customer
RTL3559,341,6,20388.88,2,5,5,255,At Risk
RTL3560,43,4,23470.39,5,5,5,555,Champion
RTL3561,129,3,14178.7,4,4,4,444,Loyal Customer
RTL3562,306,1,11660.1,3,1,4,314,Others
RTL3563,493,3,10160.34,2,4,3,243,At Risk
RTL3564,20,2,2436.95,5,3,2,532,Recent Customer
RTL3566,248,3,3661.02,3,4,2,342,Others
RTL3567,438,2,6725.92,2,3,3,233,At Risk
RTL3568,915,2,567.97,1,3,1,131,At Risk
RTL3569,283,1,1132.32,3,1,1,311,Others
RTL3570,50,3,16908.13,5,4,4,544,Loyal Customer
RTL3571,437,2,17221.670000000002,2,3,4,234,At Risk
RTL3572,26,4,24985.77,5,5,5,555,Champion
RTL3573,122,3,13452.18,4,4,4,444,Loyal Customer
RTL3574,406,3,7303.21,2,4,3,243,At Risk
RTL3575,563,2,6757.18,1,3,3,133,At Risk
RTL3576,398,1,743.09,2,1,1,211,At Risk
RTL3577,268,2,1830431.29,3,3,5,335,Others
RTL3578,267,3,9100.66,3,4,3,343,Others
RTL3579,401,3,597563.65,2,4,5,245,At Risk
RTL3580,379,3,10983.710000000001,2,4,4,244,At Risk
RTL3582,491,1,57.55,2,1,1,211,At Risk
RTL3584,207,6,35599.63,3,5,5,355,Others
RTL3585,4,2,2550.48,5,3,2,532,Recent Customer
RTL3586,408,4,20409.88,2,5,5,255,At Risk
RTL3587,50,1,59.88,5,1,1,511,Recent Customer
RTL3588,12,5,165548.15,5,5,5,555,Champion
RTL3589,17,4,9511.079999999998,5,5,3,553,Loyal Customer
RTL3590,283,2,7508.639999999999,3,3,3,333,Others
RTL3591,271,3,7548.81,3,4,3,343,Others
RTL3592,542,1,1083.75,2,1,1,211,At Risk
RTL3593,407,2,22142.06,2,3,5,235,At Risk
RTL3594,194,3,17626.41,3,4,4,344,Others
RTL3595,697,2,8365.19,1,3,3,133,At Risk
RTL3597,50,2,1051399.37,5,3,5,535,Recent Customer
RTL3598,139,4,106873.72,4,5,5,455,Loyal Customer
RTL3599,242,5,16525.739999999998,3,5,4,354,Others
RTL3600,249,2,8327.65,3,3,3,333,Others
RTL3601,512,2,9717.150000000001,2,3,3,233,At Risk
RTL3602,362,2,12645.64,2,3,4,234,At Risk
RTL3604,16,4,30173.67,5,5,5,555,Champion
RTL3605,381,2,2942.97,2,3,2,232,At Risk
RTL3606,352,2,6692.41,2,3,3,233,At Risk
RTL3607,555,2,321.15999999999997,1,3,1,131,At Risk
RTL3608,836,1,10893.4,1,1,3,113,At Risk
RTL3609,213,2,2367.4,3,3,1,331,Others
RTL3610,221,3,6004.89,3,4,2,342,Others
RTL3611,400,1,3395.52,2,1,2,212,At Risk
RTL3612,119,2,11820.51,4,3,4,434,Recent Customer
RTL3613,151,1,4524.86,4,1,2,412,Recent Customer
RTL3614,508,2,122.03,2,3,1,231,At Risk
RTL3615,782,1,8998.92,1,1,3,113,At Risk
RTL3616,64,2,6743.95,5,3,3,533,Recent Customer
RTL3617,101,3,4354.37,4,4,2,442,Loyal Customer
RTL3618,513,2,256.57,2,3,1,231,At Risk
RTL3619,745,2,7374.01,1,3,3,133,At Risk
RTL3620,13,2,5421.160000000001,5,3,2,532,Recent Customer
RTL3621,517,3,30385.129999999997,2,4,5,245,At Risk
RTL3622,693,1,1428.76,1,1,1,111,At Risk
RTL3624,615,1,3432.86,1,1,2,112,At Risk
RTL3625,547,3,15251.93,2,4,4,244,At Risk
RTL3628,540,4,22635.55,2,5,5,255,At Risk
RTL3629,192,2,5191.860000000001,4,3,2,432,Recent Customer
RTL3631,239,5,12585.52,3,5,4,354,Others
RTL3632,9,5,3222.66,5,5,2,552,Loyal Customer
RTL3633,1011,1,5939.73,1,1,2,112,At Risk
RTL3634,593,4,10002.74,1,5,3,153,At Risk
RTL3635,886,1,1110.99,1,1,1,111,At Risk
RTL3636,312,4,16565.73,3,5,4,354,Others
RTL3637,654,1,7376.16,1,1,3,113,At Risk
RTL3638,346,4,9994.98,2,5,3,253,At Risk
RTL3639,132,1,11641.9,4,1,4,414,Recent Customer
RTL3640,98,2,15583.65,4,3,4,434,Recent Customer
RTL3641,691,1,4359.68,1,1,2,112,At Risk
RTL3642,746,1,426.36,1,1,1,111,At Risk
RTL3644,111,3,6537.11,4,4,3,443,Loyal Customer
RTL3645,205,2,17283.73,3,3,4,334,Others
RTL3646,654,1,2855.4,1,1,2,112,At Risk
RTL3647,40,4,68873.27,5,5,5,555,Champion
RTL3648,816,2,9650.32,1,3,3,133,At Risk
RTL3650,755,1,2044.95,1,1,1,111,At Risk
RTL3651,96,2,6134.240000000001,4,3,3,433,Recent Customer
RTL3652,112,5,17057.18,4,5,4,454,Loyal Customer
RTL3653,215,4,25493.92,3,5,5,355,Others
RTL3654,474,1,3448.75,2,1,2,212,At Risk
RTL3655,452,2,787168.77,2,3,5,235,At Risk
RTL3656,582,1,6112.43,1,1,3,113,At Risk
RTL3657,461,4,13731.07,2,5,4,254,At Risk
RTL3658,13,7,20725.010000000002,5,5,5,555,Champion
RTL3660,837,2,27948.34,1,3,5,135,At Risk
RTL3661,57,3,9221.08,5,4,3,543,Loyal Customer
RTL3662,238,7,51719.83,3,5,5,355,Others
RTL3663,391,3,1534.84,2,4,1,241,At Risk
RTL3665,66,4,23981.18,5,5,5,555,Champion
RTL3666,86,2,558818.9,5,3,5,535,Recent Customer
RTL3667,234,1,3838.4,3,1,2,312,Others
RTL3669,369,1,269191.0,2,1,5,215,At Risk
RTL3670,952,2,7923.650000000001,1,3,3,133,At Risk
RTL3672,297,1,1275.26,3,1,1,311,Others
RTL3673,6,3,19799.96,5,4,5,545,Loyal Customer
RTL3674,310,3,11829.76,3,4,4,344,Others
RTL3675,943,1,1909.44,1,1,1,111,At Risk
RTL3676,608,2,8149.68,1,3,3,133,At Risk
RTL3677,962,1,2394.68,1,1,1,111,At Risk
RTL3678,147,5,12455.07,4,5,4,454,Loyal Customer
RTL3680,484,3,15025.36,2,4,4,244,At Risk
RTL3681,27,3,25586.95,5,4,5,545,Loyal Customer
RTL3682,475,1,4885.63,2,1,2,212,At Risk
RTL3683,47,4,24863.92,5,5,5,555,Champion
RTL3684,4,2,3643.67,5,3,2,532,Recent Customer
RTL3685,175,5,21522.11,4,5,5,455,Loyal Customer
RTL3687,56,4,5616.88,5,5,2,552,Loyal Customer
RTL3688,661,3,14256.73,1,4,4,144,At Risk
RTL3689,186,3,1457.1299999999999,4,4,1,441,Loyal Customer
RTL3690,357,4,14591.31,2,5,4,254,At Risk
RTL3691,50,2,12627.44,5,3,4,534,Recent Customer
RTL3692,46,6,17309.600000000002,5,5,4,554,Loyal Customer
RTL3693,6,1,2342.92,5,1,1,511,Recent Customer
RTL3694,450,2,7351.69,2,3,3,233,At Risk
RTL3695,150,5,16169.21,4,5,4,454,Loyal Customer
RTL3696,257,1,3764.65,3,1,2,312,Others
RTL3697,141,1,1155.63,4,1,1,411,Recent Customer
RTL3698,956,1,232.66,1,1,1,111,At Risk
RTL3699,487,1,7825.0,2,1,3,213,At Risk
RTL3700,227,3,4030.49,3,4,2,342,Others
RTL3701,939,2,10086.660000000002,1,3,3,133,At Risk
RTL3702,255,2,17634.81,3,3,4,334,Others
RTL3703,274,1,8383.42,3,1,3,313,Others
RTL3704,196,4,10139.95,3,5,3,353,Others
RTL3705,626,1,31.66,1,1,1,111,At Risk
RTL3706,148,3,1538.53,4,4,1,441,Loyal Customer
RTL3707,802,1,1652.59,1,1,1,111,At Risk
RTL3708,460,1,309.26,2,1,1,211,At Risk
RTL3710,12,4,7349.79,5,5,3,553,Loyal Customer
RTL3712,102,3,21681.85,4,4,5,445,Loyal Customer
RTL3714,564,1,7115.88,1,1,3,113,At Risk
RTL3715,670,1,254.09,1,1,1,111,At Risk
RTL3716,788,1,1668.66,1,1,1,111,At Risk
RTL3717,930,1,182.42,1,1,1,111,At Risk
RTL3718,76,2,1653.36,5,3,1,531,Recent Customer
RTL3719,411,1,29.9,2,1,1,211,At Risk
RTL3720,185,3,3410.05,4,4,2,442,Loyal Customer
RTL3721,247,1,3815.05,3,1,2,312,Others
RTL3722,51,4,19946.45,5,5,5,555,Champion
RTL3723,915,1,18311.4,1,1,4,114,At Risk
RTL3724,456,3,16290.71,2,4,4,244,At Risk
RTL3725,885,2,5758.55,1,3,2,132,At Risk
RTL3726,224,1,13719.4,3,1,4,314,Others
RTL3727,180,4,19893.94,4,5,5,455,Loyal Customer
RTL3728,126,2,3710.07,4,3,2,432,Recent Customer
RTL3729,229,4,3705.66,3,5,2,352,Others
RTL3730,223,2,8653.99,3,3,3,333,Others
RTL3731,168,5,25421.56,4,5,5,455,Loyal Customer
RTL3732,846,2,6859.0199999999995,1,3,3,133,At Risk
RTL3733,204,4,21089.9,3,5,5,355,Others
RTL3734,234,1,142.5,3,1,1,311,Others
RTL3735,724,1,5187.16,1,1,2,112,At Risk
RTL3736,15,4,3646.65,5,5,2,552,Loyal Customer
RTL3737,248,3,9795.15,3,4,3,343,Others
RTL3738,211,3,19025.91,3,4,5,345,Others
RTL3739,423,3,14089.25,2,4,4,244,At Risk
RTL3740,40,2,10698.189999999999,5,3,3,533,Recent Customer
RTL3741,981,1,1733.4,1,1,1,111,At Risk
RTL3742,40,5,15063.39,5,5,4,554,Loyal Customer
RTL3744,753,1,9462.45,1,1,3,113,At Risk
RTL3745,47,2,10219.99,5,3,3,533,Recent Customer
RTL3746,99,4,27618.42,4,5,5,455,Loyal Customer
RTL3747,68,6,327412.43999999994,5,5,5,555,Champion
RTL3748,415,2,21033.03,2,3,5,235,At Risk
RTL3749,81,3,4897.54,5,4,2,542,Loyal Customer
RTL3750,201,3,20767.71,3,4,5,345,Others
RTL3751,10,4,4291.5599999999995,5,5,2,552,Loyal Customer
RTL3752,12,5,22930.34,5,5,5,555,Champion
RTL3753,309,4,548289.31,3,5,5,355,Others
RTL3754,141,6,30171.0,4,5,5,455,Loyal Customer
RTL3756,402,5,14482.279999999999,2,5,4,254,At Risk
RTL3757,450,3,17941.91,2,4,4,244,At Risk
RTL3759,298,1,706.46,3,1,1,311,Others
RTL3760,214,3,7433.57,3,4,3,343,Others
RTL3761,142,4,19602.36,4,5,5,455,Loyal Customer
RTL3762,91,2,8879.24,4,3,3,433,Recent Customer
RTL3763,34,3,5184.23,5,4,2,542,Loyal Customer
RTL3764,184,3,8446.17,4,4,3,443,Loyal Customer
RTL3765,182,1,1711.06,4,1,1,411,Recent Customer
RTL3766,459,3,7732.0,2,4,3,243,At Risk
RTL3768,196,2,3568.8199999999997,3,3,2,332,Others
RTL3769,181,1,7461.15,4,1,3,413,Recent Customer
RTL3770,121,1,3506.99,4,1,2,412,Recent Customer
RTL3771,190,2,5579.57,4,3,2,432,Recent Customer
RTL3772,279,2,7790.3,3,3,3,333,Others
RTL3773,992,1,359.92,1,1,1,111,At Risk
RTL3774,7,2,327.48,5,3,1,531,Recent Customer
RTL3775,398,4,12996.46,2,5,4,254,At Risk
RTL3776,609,1,1920.71,1,1,1,111,At Risk
RTL3777,280,3,14794.949999999999,3,4,4,344,Others
RTL3779,126,4,16109.12,4,5,4,454,Loyal Customer
RTL3780,350,1,7323.84,2,1,3,213,At Risk
RTL3781,49,3,18393.11,5,4,4,544,Loyal Customer
RTL3782,24,4,23023.350000000002,5,5,5,555,Champion
RTL3783,39,3,4188.61,5,4,2,542,Loyal Customer
RTL3785,1021,1,1076.4,1,1,1,111,At Risk
RTL3786,401,1,50.82,2,1,1,211,At Risk
RTL3787,243,3,15740.470000000001,3,4,4,344,Others
RTL3788,168,2,8837.59,4,3,3,433,Recent Customer
RTL3789,133,3,6049.84,4,4,3,443,Loyal Customer
RTL3790,167,1,515.53,4,1,1,411,Recent Customer
RTL3791,3,1,4576.51,5,1,2,512,Recent Customer
RTL3792,263,1,1320.12,3,1,1,311,Others
RTL3793,21,5,5097.82,5,5,2,552,Loyal Customer
RTL3794,227,4,20061.23,3,5,5,355,Others
RTL3795,117,3,2951.09,4,4,2,442,Loyal Customer
RTL3796,696,1,15.55,1,1,1,111,At Risk
RTL3799,304,1,1195.53,3,1,1,311,Others
RTL3800,461,5,29367.460000000003,2,5,5,255,At Risk
RTL3801,47,2,8488.59,5,3,3,533,Recent Customer
RTL3802,847,2,6078.28,1,3,3,133,At Risk
RTL3803,48,2,3251.31,5,3,2,532,Recent Customer
RTL3804,974,1,1405.56,1,1,1,111,At Risk
RTL3805,343,6,53789.450000000004,2,5,5,255,At Risk
RTL3806,491,4,21362.17,2,5,5,255,At Risk
RTL3807,215,4,6246.670000000001,3,5,3,353,Others
RTL3808,235,2,3426.44,3,3,2,332,Others
RTL3810,297,3,3568.6000000000004,3,4,2,342,Others
RTL3811,63,2,9149.720000000001,5,3,3,533,Recent Customer
RTL3812,508,3,6911.0599999999995,2,4,3,243,At Risk
RTL3813,281,2,5163.700000000001,3,3,2,332,Others
RTL3815,170,1,5735.2,4,1,2,412,Recent Customer
RTL3816,437,1,1342.39,2,1,1,211,At Risk
RTL3817,96,3,2068.9300000000003,4,4,1,441,Loyal Customer
RTL3818,362,2,11492.75,2,3,4,234,At Risk
RTL3820,831,2,3440.92,1,3,2,132,At Risk
RTL3822,436,3,5343.52,2,4,2,242,At Risk
RTL3823,14,3,2267670.84,5,4,5,545,Loyal Customer
RTL3824,144,4,30789.809999999998,4,5,5,455,Loyal Customer
RTL3825,82,3,17298.03,5,4,4,544,Loyal Customer
RTL3826,194,5,8364.05,3,5,3,353,Others
RTL3827,80,2,4331.14,5,3,2,532,Recent Customer
RTL3828,218,5,14939.47,3,5,4,354,Others
RTL3829,79,5,17031.39,5,5,4,554,Loyal Customer
RTL3830,25,3,7406.17,5,4,3,543,Loyal Customer
RTL3831,415,2,7583.4,2,3,3,233,At Risk
RTL3832,553,1,125.99,2,1,1,211,At Risk
RTL3833,67,2,18730.19,5,3,5,535,Recent Customer
RTL3834,259,4,5840.950000000001,3,5,2,352,Others
RTL3835,69,2,186526.4,5,3,5,535,Recent Customer
RTL3836,148,3,11815.829999999998,4,4,4,444,Loyal Customer
RTL3837,192,4,10354.420000000002,4,5,3,453,Loyal Customer
RTL3839,670,2,2318.75,1,3,1,131,At Risk
RTL3840,155,1,344.36,4,1,1,411,Recent Customer
RTL3841,327,4,16327.75,3,5,4,354,Others
RTL3842,95,6,14466.57,4,5,4,454,Loyal Customer
RTL3843,939,1,14674.2,1,1,4,114,At Risk
RTL3844,199,5,11188.47,3,5,4,354,Others
RTL3846,356,4,9569.28,2,5,3,253,At Risk
RTL3847,963,1,491.12,1,1,1,111,At Risk
RTL3849,1000,1,343.16,1,1,1,111,At Risk
RTL3850,642,1,1198.8,1,1,1,111,At Risk
RTL3851,13,3,4384.7699999999995,5,4,2,542,Loyal Customer
RTL3852,112,7,29959.03,4,5,5,455,Loyal Customer
RTL3853,728,2,1543.22,1,3,1,131,At Risk
RTL3854,990,1,8142.13,1,1,3,113,At Risk
RTL3855,162,2,7272.5,4,3,3,433,Recent Customer
RTL3856,355,1,1096.59,2,1,1,211,At Risk
RTL3857,22,2,8178.75,5,3,3,533,Recent Customer
RTL3858,574,2,4693.530000000001,1,3,2,132,At Risk
RTL3861,297,2,14138.34,3,3,4,334,Others
RTL3862,54,3,16686.33,5,4,4,544,Loyal Customer
RTL3864,110,5,20287.920000000002,4,5,5,455,Loyal Customer
RTL3865,934,1,6440.52,1,1,3,113,At Risk
RTL3866,74,6,229215.57,5,5,5,555,Champion
RTL3867,332,2,7349.42,3,3,3,333,Others
RTL3868,553,1,7684.44,2,1,3,213,At Risk
RTL3869,213,2,12682.52,3,3,4,334,Others
RTL3870,487,1,2872.8,2,1,2,212,At Risk
RTL3871,54,5,2869.39,5,5,2,552,Loyal Customer
RTL3872,411,1,14166.4,2,1,4,214,At Risk
RTL3873,356,2,1198.7199999999998,2,3,1,231,At Risk
RTL3874,229,4,6095.469999999999,3,5,3,353,Others
RTL3875,162,4,19909.73,4,5,5,455,Loyal Customer
RTL3877,267,4,7406.68,3,5,3,353,Others
RTL3878,336,3,11931.0,2,4,4,244,At Risk
RTL3879,249,1,26179.4,3,1,5,315,Others
RTL3880,242,3,5452.16,3,4,2,342,Others
RTL3881,23,3,22085.84,5,4,5,545,Loyal Customer
RTL3882,102,5,26935.6,4,5,5,455,Loyal Customer
RTL3883,303,2,1292.3,3,3,1,331,Others
RTL3884,297,4,11051.54,3,5,4,354,Others
RTL3885,165,4,5033.49,4,5,2,452,Loyal Customer
RTL3886,99,4,14461.589999999998,4,5,4,454,Loyal Customer
RTL3887,95,2,5537.59,4,3,2,432,Recent Customer
RTL3888,317,4,4211.910000000001,3,5,2,352,Others
RTL3889,238,3,6084.27,3,4,3,343,Others
RTL3890,363,2,3589.86,2,3,2,232,At Risk
RTL3891,13,3,4026.65,5,4,2,542,Loyal Customer
RTL3892,283,5,26612.34,3,5,5,355,Others
RTL3893,355,2,5967.27,2,3,2,232,At Risk
RTL3894,272,2,12632.08,3,3,4,334,Others
RTL3895,36,4,16007.349999999999,5,5,4,554,Loyal Customer
RTL3896,119,3,13924.91,4,4,4,444,Loyal Customer
RTL3897,62,2,353.71000000000004,5,3,1,531,Recent Customer
RTL3898,340,1,191.73,2,1,1,211,At Risk
RTL3899,267,3,760.91,3,4,1,341,Others
RTL3900,73,3,13869.869999999999,5,4,4,544,Loyal Customer
RTL3901,558,1,2509.53,1,1,2,112,At Risk
RTL3902,120,4,19965.95,4,5,5,455,Loyal Customer
RTL3903,104,3,4092.34,4,4,2,442,Loyal Customer
RTL3904,109,3,13099.14,4,4,4,444,Loyal Customer
RTL3905,540,2,33847.96,2,3,5,235,At Risk
RTL3906,67,1,13.26,5,1,1,511,Recent Customer
RTL3907,152,4,11332.39,4,5,4,454,Loyal Customer
RTL3908,86,5,14502.69,5,5,4,554,Loyal Customer
RTL3909,66,4,14477.630000000001,5,5,4,554,Loyal Customer
RTL3910,324,5,22755.7,3,5,5,355,Others
RTL3911,972,1,345.24,1,1,1,111,At Risk
RTL3912,29,4,17522.12,5,5,4,554,Loyal Customer
RTL3915,694,1,3395.85,1,1,2,112,At Risk
RTL3916,87,4,23509.5,5,5,5,555,Champion
RTL3917,168,4,15250.36,4,5,4,454,Loyal Customer
RTL3918,89,1,91.88,4,1,1,411,Recent Customer
RTL3919,414,1,2413.38,2,1,2,212,At Risk
RTL3920,76,3,7296.1,5,4,3,543,Loyal Customer
RTL3922,251,3,21020.449999999997,3,4,5,345,Others
RTL3923,9,1,6397.95,5,1,3,513,Recent Customer
RTL3924,471,8,35255.18,2,5,5,255,At Risk
RTL3925,259,3,3068.49,3,4,2,342,Others
RTL3926,513,1,294.78,2,1,1,211,At Risk
RTL3927,444,1,14259.4,2,1,4,214,At Risk
RTL3930,308,1,849010.0,3,1,5,315,Others
RTL3931,136,6,24780.01,4,5,5,455,Loyal Customer
RTL3932,135,4,33334.32,4,5,5,455,Loyal Customer
RTL3933,20,3,22417.39,5,4,5,545,Loyal Customer
RTL3934,69,4,10849.87,5,5,3,553,Loyal Customer
RTL3935,285,5,11608.529999999999,3,5,4,354,Others
RTL3936,827,1,17215.2,1,1,4,114,At Risk
RTL3937,858,1,2087.01,1,1,1,111,At Risk
RTL3938,320,2,15208.5,3,3,4,334,Others
RTL3939,377,2,6512.0,2,3,3,233,At Risk
RTL3940,195,5,17604.53,3,5,4,354,Others
RTL3943,810,2,3719.14,1,3,2,132,At Risk
RTL3944,75,4,19536.11,5,5,5,555,Champion
RTL3945,11,1,11049.5,5,1,4,514,Recent Customer
RTL3946,184,5,44461.759999999995,4,5,5,455,Loyal Customer
RTL3947,177,2,6903.23,4,3,3,433,Recent Customer
RTL3948,58,4,4148.02,5,5,2,552,Loyal Customer
RTL3949,145,3,4671.55,4,4,2,442,Loyal Customer
RTL3950,511,1,4354.02,2,1,2,212,At Risk
RTL3951,429,3,3610.91,2,4,2,242,At Risk
RTL3952,173,2,11230.33,4,3,4,434,Recent Customer
RTL3953,412,1,25.38,2,1,1,211,At Risk
RTL3954,54,1,1960.11,5,1,1,511,Recent Customer
RTL3955,377,3,19162.0,2,4,5,245,At Risk
RTL3956,40,4,12180.0,5,5,4,554,Loyal Customer
RTL3957,584,2,9628.73,1,3,3,133,At Risk
RTL3958,105,5,30439.28,4,5,5,455,Loyal Customer
RTL3959,418,2,536.8199999999999,2,3,1,231,At Risk
RTL3961,41,3,10050.81,5,4,3,543,Loyal Customer
RTL3962,99,3,11756.97,4,4,4,444,Loyal Customer
RTL3963,273,2,194.54,3,3,1,331,Others
RTL3964,62,3,13637.32,5,4,4,544,Loyal Customer
RTL3965,298,1,1309.82,3,1,1,311,Others
RTL3966,262,3,16517.690000000002,3,4,4,344,Others
RTL3967,723,4,2832.2,1,5,2,152,At Risk
RTL3968,245,2,2683.8599999999997,3,3,2,332,Others
RTL3969,79,2,2251.83,5,3,1,531,Recent Customer
RTL3970,472,2,1109778.7,2,3,5,235,At Risk
RTL3971,168,1,103.4,4,1,1,411,Recent Customer
RTL3972,306,2,236.32,3,3,1,331,Others
RTL3973,524,1,408.86,2,1,1,211,At Risk
RTL3974,466,2,17923.32,2,3,4,234,At Risk
RTL3975,490,2,2033.75,2,3,1,231,At Risk
RTL3976,565,2,13297.4,1,3,4,134,At Risk
RTL3978,17,3,10349.89,5,4,3,543,Loyal Customer
RTL3979,300,4,785292.03,3,5,5,355,Others
RTL3980,901,1,3617.8,1,1,2,112,At Risk
RTL3981,629,2,11767.539999999999,1,3,4,134,At Risk
RTL3982,16,2,10446.54,5,3,3,533,Recent Customer
RTL3983,58,3,2210.42,5,4,1,541,Loyal Customer
RTL3984,505,1,39.3,2,1,1,211,At Risk
RTL3985,226,4,3464.08,3,5,2,352,Others
RTL3986,84,2,12813.04,5,3,4,534,Recent Customer
RTL3987,670,1,381.14,1,1,1,111,At Risk
RTL3988,702,2,775115.3,1,3,5,135,At Risk
RTL3989,659,3,11699.5,1,4,4,144,At Risk
RTL3990,267,4,11126.71,3,5,4,354,Others
RTL3991,836,1,6954.96,1,1,3,113,At Risk
RTL3992,945,1,1565.95,1,1,1,111,At Risk
RTL3994,671,2,6928.86,1,3,3,133,At Risk
RTL3996,309,3,13035.289999999999,3,4,4,344,Others
RTL3997,694,1,801.3,1,1,1,111,At Risk
RTL3998,901,1,4223.88,1,1,2,112,At Risk
RTL4000,195,1,3766.1,3,1,2,312,Others
RTL4001,328,1,2444.04,3,1,2,312,Others
RTL4003,483,2,3141.65,2,3,2,232,At Risk
RTL4004,728,2,2856295.6,1,3,5,135,At Risk
RTL4005,452,1,8942.72,2,1,3,213,At Risk
RTL4007,57,2,1291.62,5,3,1,531,Recent Customer
RTL4008,89,4,6280.639999999999,4,5,3,453,Loyal Customer
RTL4009,576,2,596.66,1,3,1,131,At Risk
RTL4011,459,2,7056.88,2,3,3,233,At Risk
RTL4012,368,4,22325.35,2,5,5,255,At Risk
RTL4015,245,3,6379.83,3,4,3,343,Others
RTL4016,220,2,4943.92,3,3,2,332,Others
RTL4017,101,3,9548.470000000001,4,4,3,443,Loyal Customer
RTL4018,782,2,4667.62,1,3,2,132,At Risk
RTL4019,181,3,9130.15,4,4,3,443,Loyal Customer
RTL4020,156,2,3832.75,4,3,2,432,Recent Customer
RTL4021,551,1,3267.07,2,1,2,212,At Risk
RTL4022,89,1,5579.11,4,1,2,412,Recent Customer
RTL4024,169,3,7846.9400000000005,4,4,3,443,Loyal Customer
RTL4025,757,2,1416.76,1,3,1,131,At Risk
RTL4026,348,4,14281.97,2,5,4,254,At Risk
RTL4027,846,3,9587.81,1,4,3,143,At Risk
RTL4028,818,1,1732.62,1,1,1,111,At Risk
RTL4029,108,3,17934.719999999998,4,4,4,444,Loyal Customer
RTL4030,559,1,4269.45,1,1,2,112,At Risk
RTL4031,451,3,5086.7,2,4,2,242,At Risk
RTL4032,243,1,73.82,3,1,1,311,Others
RTL4033,37,3,6893.95,5,4,3,543,Loyal Customer
RTL4034,94,3,490303.04000000004,4,4,5,445,Loyal Customer
RTL4035,527,2,2823.2400000000002,2,3,2,232,At Risk
RTL4036,17,6,26850.260000000002,5,5,5,555,Champion
RTL4037,436,2,10470.41,2,3,3,233,At Risk
RTL4038,577,3,1372804.47,1,4,5,145,At Risk
RTL4039,380,2,3281.38,2,3,2,232,At Risk
RTL4040,729,2,6017.950000000001,1,3,2,132,At Risk
RTL4041,35,1,3382.72,5,1,2,512,Recent Customer
RTL4042,662,3,16950.309999999998,1,4,4,144,At Risk
RTL4043,288,1,13958.2,3,1,4,314,Others
RTL4044,170,1,85.32,4,1,1,411,Recent Customer
RTL4045,292,2,4072.61,3,3,2,332,Others
RTL4046,134,2,2380.5800000000004,4,3,1,431,Recent Customer
RTL4047,16,3,2796.7200000000003,5,4,2,542,Loyal Customer
RTL4048,171,3,10666.71,4,4,3,443,Loyal Customer
RTL4049,245,1,1521.14,3,1,1,311,Others
RTL4050,37,6,21183.73,5,5,5,555,Champion
RTL4051,605,4,22894.16,1,5,5,155,At Risk
RTL4052,11,2,5777.099999999999,5,3,2,532,Recent Customer
RTL4054,158,2,5531.71,4,3,2,432,Recent Customer
RTL4055,25,4,1578855.0,5,5,5,555,Champion
RTL4056,407,3,4742.84,2,4,2,242,At Risk
RTL4058,16,5,2373297.4899999998,5,5,5,555,Champion
RTL4059,115,4,16084.98,4,5,4,454,Loyal Customer
RTL4060,243,2,3658.56,3,3,2,332,Others
RTL4061,127,5,828313.57,4,5,5,455,Loyal Customer
RTL4062,67,3,1820.9299999999998,5,4,1,541,Loyal Customer
RTL4063,333,3,16725.57,3,4,4,344,Others
RTL4064,616,1,2728.84,1,1,2,112,At Risk
RTL4065,398,3,4952.53,2,4,2,242,At Risk
RTL4066,32,4,19513.25,5,5,5,555,Champion
RTL4067,105,8,242867.51,4,5,5,455,Loyal Customer
RTL4068,454,2,3689.33,2,3,2,232,At Risk
RTL4069,232,4,24732.88,3,5,5,355,Others
RTL4070,187,5,24680.85,4,5,5,455,Loyal Customer
RTL4071,306,2,8934.14,3,3,3,333,Others
RTL4072,23,2,3528.12,5,3,2,532,Recent Customer
RTL4073,293,3,18724.11,3,4,5,345,Others
RTL4074,155,2,12387.58,4,3,4,434,Recent Customer
RTL4075,417,4,18583.55,2,5,4,254,At Risk
RTL4076,386,3,12379.949999999999,2,4,4,244,At Risk
RTL4077,322,2,15615.14,3,3,4,334,Others
RTL4079,727,1,6093.47,1,1,3,113,At Risk
RTL4080,77,3,7657.820000000001,5,4,3,543,Loyal Customer
RTL4081,851,2,431.69,1,3,1,131,At Risk
RTL4082,118,1,6262.1,4,1,3,413,Recent Customer
RTL4083,44,1,1913.05,5,1,1,511,Recent Customer
RTL4084,3,1,165.58,5,1,1,511,Recent Customer
RTL4085,110,2,15817.69,4,3,4,434,Recent Customer
RTL4086,116,4,2010000.74,4,5,5,455,Loyal Customer
RTL4087,592,1,660.67,1,2,1,121,At Risk
RTL4088,163,4,14941.25,4,5,4,454,Loyal Customer
RTL4089,443,3,15907.779999999999,2,4,4,244,At Risk
RTL4090,63,4,2075.45,5,5,1,551,Loyal Customer
RTL4091,866,1,5326.64,1,2,2,122,At Risk
RTL4092,565,2,3342.09,1,3,2,132,At Risk
RTL4093,103,4,25464.1,4,5,5,455,Loyal Customer
RTL4094,387,1,1100.32,2,2,1,221,At Risk
RTL4095,435,1,7972.3,2,2,3,223,At Risk
RTL4096,134,2,14802.17,4,3,4,434,Recent Customer
RTL4098,6,1,9162.84,5,2,3,523,Recent Customer
RTL4099,593,1,3129.5,1,2,2,122,At Risk
RTL4101,101,2,16585.37,4,3,4,434,Recent Customer
RTL4102,169,4,18300.83,4,5,4,454,Loyal Customer
RTL4103,202,2,11478.310000000001,3,3,4,334,Others
RTL4104,153,3,28118.43,4,4,5,445,Loyal Customer
RTL4105,704,2,17822.36,1,3,4,134,At Risk
RTL4106,83,5,5378.39,5,5,2,552,Loyal Customer
RTL4107,632,3,2929.8900000000003,1,4,2,142,At Risk
RTL4108,346,1,1142.85,2,2,1,221,At Risk
RTL4109,15,1,3056.76,5,2,2,522,Recent Customer
RTL4110,615,3,15258.73,1,4,4,144,At Risk
RTL4111,123,4,27670.29,4,5,5,455,Loyal Customer
RTL4112,326,2,6491.15,3,3,3,333,Others
RTL4114,612,1,1763.49,1,2,1,121,At Risk
RTL4115,588,1,3584.55,1,2,2,122,At Risk
RTL4116,747,1,224.97,1,2,1,121,At Risk
RTL4117,249,3,1706.1399999999999,3,4,1,341,Others
RTL4119,167,2,16355.119999999999,4,3,4,434,Recent Customer
RTL4120,217,3,4691.95,3,4,2,342,Others
RTL4121,38,2,22974.0,5,3,5,535,Recent Customer
RTL4123,38,4,11813.96,5,5,4,554,Loyal Customer
RTL4124,279,5,2019525.84,3,5,5,355,Others
RTL4125,192,3,4186.47,4,4,2,442,Loyal Customer
RTL4126,322,3,18621.920000000002,3,4,4,344,Others
RTL4127,423,2,4559.370000000001,2,3,2,232,At Risk
RTL4128,359,3,17924.87,2,4,4,244,At Risk
RTL4129,212,4,25504.59,3,5,5,355,Others
RTL4130,882,1,3320.15,1,2,2,122,At Risk
RTL4131,206,2,6256.179999999999,3,3,3,333,Others
RTL4132,115,5,10980.59,4,5,4,454,Loyal Customer
RTL4133,40,2,1629.45,5,3,1,531,Recent Customer
RTL4134,241,1,13585.6,3,2,4,324,Others
RTL4135,864,1,5327.4,1,2,2,122,At Risk
RTL4136,310,1,4547.1,3,2,2,322,Others
RTL4137,267,3,11811.420000000002,3,4,4,344,Others
RTL4138,115,1,669.03,4,2,1,421,Recent Customer
RTL4139,411,4,28454.38,2,5,5,255,At Risk
RTL4140,32,4,35312.44,5,5,5,555,Champion
RTL4142,171,3,5919.0599999999995,4,4,2,442,Loyal Customer
RTL4143,849,1,1456.88,1,2,1,121,At Risk
RTL4144,241,5,14628.509999999998,3,5,4,354,Others
RTL4145,489,2,1640.92,2,3,1,231,At Risk
RTL4146,194,2,7338.120000000001,3,3,3,333,Others
RTL4147,319,3,12255.14,3,4,4,344,Others
RTL4148,218,2,1997.92,3,3,1,331,Others
RTL4150,8,5,10320.46,5,5,3,553,Loyal Customer
RTL4152,46,4,26451.8,5,5,5,555,Champion
RTL4153,144,1,2171.75,4,2,1,421,Recent Customer
RTL4154,983,1,11768.5,1,2,4,124,At Risk
RTL4155,503,1,3267.36,2,2,2,222,At Risk
RTL4156,487,3,5223.15,2,4,2,242,At Risk
RTL4157,131,1,2163.75,4,2,1,421,Recent Customer
RTL4158,723,3,288666.41,1,4,5,145,At Risk
RTL4159,294,3,14034.74,3,4,4,344,Others
RTL4160,168,3,7392.57,4,4,3,443,Loyal Customer
RTL4161,24,3,2719.17,5,4,2,542,Loyal Customer
RTL4162,27,2,627.69,5,3,1,531,Recent Customer
RTL4163,976,1,1400.9,1,2,1,121,At Risk
RTL4164,347,1,4755.79,2,2,2,222,At Risk
RTL4165,718,1,2895.96,1,2,2,122,At Risk
RTL4166,279,3,8429.710000000001,3,4,3,343,Others
RTL4167,219,4,14056.99,3,5,4,354,Others
RTL4168,340,3,949555.6,2,4,5,245,At Risk
RTL4169,48,3,1537.9699999999998,5,4,1,541,Loyal Customer
RTL4170,182,3,6859.2,4,4,3,443,Loyal Customer
RTL4171,246,3,11401.71,3,4,4,344,Others
RTL4173,2,5,19497.97,5,5,5,555,Champion
RTL4174,214,2,2265585.3,3,3,5,335,Others
RTL4176,22,2,3354.6699999999996,5,3,2,532,Recent Customer
RTL4177,89,2,3527.7799999999997,4,3,2,432,Recent Customer
RTL4178,280,3,6915.64,3,4,3,343,Others
RTL4179,252,2,5972.9800000000005,3,3,2,332,Others
RTL4180,272,5,10192.0,3,5,3,353,Others
RTL4181,106,5,8349.13,4,5,3,453,Loyal Customer
RTL4183,929,1,1116.12,1,2,1,121,At Risk
RTL4184,89,4,15763.869999999999,4,5,4,454,Loyal Customer
RTL4185,41,1,551.18,5,2,1,521,Recent Customer
RTL4186,299,5,236275.64,3,5,5,355,Others
RTL4187,54,4,19166.87,5,5,5,555,Champion
RTL4189,429,4,428915.61,2,5,5,255,At Risk
RTL4190,158,6,20176.469999999998,4,5,5,455,Loyal Customer
RTL4191,202,6,10770.93,3,5,3,353,Others
RTL4192,322,5,14130.92,3,5,4,354,Others
RTL4193,260,4,12310.45,3,5,4,354,Others
RTL4194,400,4,11892.97,2,5,4,254,At Risk
RTL4195,154,1,1186.68,4,2,1,421,Recent Customer
RTL4196,124,8,37317.65,4,5,5,455,Loyal Customer
RTL4197,141,3,12710.07,4,4,4,444,Loyal Customer
RTL4198,20,3,13607.099999999999,5,4,4,544,Loyal Customer
RTL4199,71,4,19059.4,5,5,5,555,Champion
RTL4200,3,5,17533.09,5,5,4,554,Loyal Customer
RTL4201,170,2,19246.35,4,3,5,435,Recent Customer
RTL4202,104,2,2251.21,4,3,1,431,Recent Customer
RTL4203,300,6,23624.300000000003,3,5,5,355,Others
RTL4204,33,5,10030.87,5,5,3,553,Loyal Customer
RTL4205,735,2,2107.98,1,3,1,131,At Risk
RTL4206,739,1,2875.82,1,2,2,122,At Risk
RTL4207,354,2,6344.17,2,3,3,233,At Risk
RTL4208,30,4,14694.95,5,5,4,554,Loyal Customer
RTL4209,518,1,1689.63,2,2,1,221,At Risk
RTL4210,94,2,1067.12,4,3,1,431,Recent Customer
RTL4211,271,2,3339.66,3,3,2,332,Others
RTL4212,67,3,6250.54,5,4,3,543,Loyal Customer
RTL4213,208,3,4435.7,3,4,2,342,Others
RTL4215,462,1,272.18,2,2,1,221,At Risk
RTL4217,404,4,21960.579999999998,2,5,5,255,At Risk
RTL4218,452,2,10088.8,2,3,3,233,At Risk
RTL4220,144,6,25877.6,4,5,5,455,Loyal Customer
RTL4221,984,1,980.19,1,2,1,121,At Risk
RTL4222,182,2,14092.47,4,3,4,434,Recent Customer
RTL4223,74,7,37437.79,5,5,5,555,Champion
RTL4224,12,1,989.25,5,2,1,521,Recent Customer
RTL4225,525,2,3594.67,2,3,2,232,At Risk
RTL4226,931,1,1972.53,1,2,1,121,At Risk
RTL4227,183,2,5393.83,4,3,2,432,Recent Customer
RTL4228,144,3,3546.69,4,4,2,442,Loyal Customer
RTL4229,326,4,13989.420000000002,3,5,4,354,Others
RTL4230,195,7,32894.53,3,5,5,355,Others
RTL4231,16,4,15640.47,5,5,4,554,Loyal Customer
RTL4233,445,3,9892.480000000001,2,4,3,243,At Risk
RTL4234,856,1,3041.64,1,2,2,122,At Risk
RTL4235,815,1,709.64,1,2,1,121,At Risk
RTL4236,53,2,1437.92,5,3,1,531,Recent Customer
RTL4237,291,2,13189.33,3,3,4,334,Others
RTL4238,149,2,2776.96,4,3,2,432,Recent Customer
RTL4239,100,5,22800.79,4,5,5,455,Loyal Customer
RTL4240,188,3,1110320.62,4,4,5,445,Loyal Customer
RTL4241,436,4,21967.51,2,5,5,255,At Risk
RTL4242,463,1,3059.7,2,2,2,222,At Risk
RTL4243,354,1,351.74,2,2,1,221,At Risk
RTL4244,726,2,1525640.1,1,3,5,135,At Risk
RTL4245,156,2,14563.06,4,3,4,434,Recent Customer
RTL4246,83,3,29035.86,5,4,5,545,Loyal Customer
RTL4247,4,3,8286.67,5,4,3,543,Loyal Customer
RTL4249,387,3,16893.09,2,4,4,244,At Risk
RTL4250,245,3,8795.78,3,4,3,343,Others
RTL4251,427,5,20465.6,2,5,5,255,At Risk
RTL4252,738,1,3804.85,1,2,2,122,At Risk
RTL4253,228,4,30769.94,3,5,5,355,Others
RTL4254,187,3,3941.1899999999996,4,4,2,442,Loyal Customer
RTL4255,940,1,1413.36,1,2,1,121,At Risk
RTL4256,30,4,6826.64,5,5,3,553,Loyal Customer
RTL4257,241,5,234449.28999999998,3,5,5,355,Others
RTL4258,215,1,1855.59,3,2,1,321,Others
RTL4259,59,5,17730.77,5,5,4,554,Loyal Customer
RTL4260,392,5,13531.33,2,5,4,254,At Risk
RTL4261,20,2,3163.06,5,3,2,532,Recent Customer
RTL4262,84,2,11880.13,5,3,4,534,Recent Customer
RTL4263,120,1,1420.92,4,2,1,421,Recent Customer
RTL4264,215,4,46807.25,3,5,5,355,Others
RTL4265,637,2,1436.35,1,3,1,131,At Risk
RTL4266,408,2,6194.13,2,3,3,233,At Risk
RTL4267,266,4,15284.740000000002,3,5,4,354,Others
RTL4268,194,7,2553219.3400000003,3,5,5,355,Others
RTL4269,570,3,13478.45,1,4,4,144,At Risk
RTL4270,225,1,218.26,3,2,1,321,Others
RTL4271,375,3,7213.52,2,4,3,243,At Risk
RTL4273,244,5,18718.22,3,5,5,355,Others
RTL4274,38,4,17809.61,5,5,4,554,Loyal Customer
RTL4275,613,3,20376.620000000003,1,4,5,145,At Risk
RTL4276,261,3,502433.71,3,4,5,345,Others
RTL4277,37,6,28508.22,5,5,5,555,Champion
RTL4278,92,2,16709.559999999998,4,3,4,434,Recent Customer
RTL4279,347,4,18808.02,2,5,5,255,At Risk
RTL4280,138,1,479.71,4,2,1,421,Recent Customer
RTL4281,67,4,5914.29,5,5,2,552,Loyal Customer
RTL4282,61,2,12165.03,5,3,4,534,Recent Customer
RTL4283,16,4,9318.52,5,5,3,553,Loyal Customer
RTL4284,548,1,4802.83,2,2,2,222,At Risk
RTL4285,148,3,18685.629999999997,4,4,4,444,Loyal Customer
RTL4286,45,5,30567.510000000002,5,5,5,555,Champion
RTL4287,695,1,652.88,1,2,1,121,At Risk
RTL4288,807,2,9269.58,1,3,3,133,At Risk
RTL4290,582,1,3563.58,1,2,2,122,At Risk
RTL4291,596,2,6096.5,1,3,3,133,At Risk
RTL4292,110,2,7275.42,4,3,3,433,Recent Customer
RTL4293,289,4,9883.45,3,5,3,353,Others
RTL4294,143,4,3292.22,4,5,2,452,Loyal Customer
RTL4295,818,3,32514.02,1,4,5,145,At Risk
RTL4296,190,2,776434.63,4,3,5,435,Recent Customer
RTL4297,331,4,11959.759999999998,3,5,4,354,Others
RTL4298,334,1,9200.88,3,2,3,323,Others
RTL4299,919,1,2325.51,1,2,1,121,At Risk
RTL4300,302,2,5683.25,3,3,2,332,Others
RTL4301,90,4,12588.9,4,5,4,454,Loyal Customer
RTL4303,233,3,13686.970000000001,3,4,4,344,Others
RTL4304,233,1,1033800.0,3,2,5,325,Others
RTL4305,105,1,6842.86,4,2,3,423,Recent Customer
RTL4306,253,2,15074.359999999999,3,3,4,334,Others
RTL4307,175,4,584824.8,4,5,5,455,Loyal Customer
RTL4308,58,4,29855.8,5,5,5,555,Champion
RTL4309,435,2,11524.640000000001,2,3,4,234,At Risk
RTL4310,148,5,13786.16,4,5,4,454,Loyal Customer
RTL4311,387,1,8408.55,2,2,3,223,At Risk
RTL4312,18,2,532.62,5,3,1,531,Recent Customer
RTL4313,405,3,9345.65,2,4,3,243,At Risk
RTL4314,97,4,279699.66,4,5,5,455,Loyal Customer
RTL4315,173,1,7866.18,4,2,3,423,Recent Customer
RTL4316,798,3,854.92,1,4,1,141,At Risk
RTL4317,79,1,3110.45,5,2,2,522,Recent Customer
RTL4318,146,4,116557.06,4,5,5,455,Loyal Customer
RTL4319,376,1,13997.8,2,2,4,224,At Risk
RTL4320,1021,1,2004.75,1,2,1,121,At Risk
RTL4321,738,2,4328.34,1,3,2,132,At Risk
RTL4322,138,3,10651.130000000001,4,4,3,443,Loyal Customer
RTL4323,122,2,4795.04,4,3,2,432,Recent Customer
RTL4324,246,3,15647.210000000001,3,4,4,344,Others
RTL4326,444,2,3460.7,2,3,2,232,At Risk
RTL4327,18,3,17979.43,5,4,4,544,Loyal Customer
RTL4329,232,3,21323.760000000002,3,4,5,345,Others
RTL4330,400,1,15660.6,2,2,4,224,At Risk
RTL4331,30,4,1510717.09,5,5,5,555,Champion
RTL4332,152,5,28140.26,4,5,5,455,Loyal Customer
RTL4333,744,1,3070.71,1,2,2,122,At Risk
RTL4334,173,2,4444.91,4,3,2,432,Recent Customer
RTL4335,15,3,18515.78,5,4,4,544,Loyal Customer
RTL4336,4,2,3467.9700000000003,5,3,2,532,Recent Customer
RTL4337,791,1,2150.15,1,2,1,121,At Risk
RTL4338,228,5,20875.95,3,5,5,355,Others
RTL4339,188,3,509918.13,4,4,5,445,Loyal Customer
RTL4340,169,3,22708.89,4,4,5,445,Loyal Customer
RTL4341,274,3,1903904.35,3,4,5,345,Others
RTL4342,236,2,9729.02,3,3,3,333,Others
RTL4343,98,2,2652.08,4,3,2,432,Recent Customer
RTL4344,95,3,7574.68,4,4,3,443,Loyal Customer
RTL4345,208,5,25723.09,3,5,5,355,Others
RTL4347,445,1,2905.77,2,2,2,222,At Risk
RTL4348,414,1,11893.3,2,2,4,224,At Risk
RTL4349,117,2,1365.1,4,3,1,431,Recent Customer
RTL4350,747,1,306.43,1,2,1,121,At Risk
RTL4351,962,1,15500.4,1,2,4,124,At Risk
RTL4353,627,1,18.36,1,2,1,121,At Risk
RTL4354,941,1,1344.6,1,2,1,121,At Risk
RTL4355,60,3,1924.7799999999997,5,4,1,541,Loyal Customer
RTL4356,17,4,16892.829999999998,5,5,4,554,Loyal Customer
RTL4357,647,1,1095.87,1,2,1,121,At Risk
RTL4358,633,2,12629.23,1,3,4,134,At Risk
RTL4359,513,4,12212.66,2,5,4,254,At Risk
RTL4360,597,2,8401.83,1,3,3,133,At Risk
RTL4361,661,2,6401.84,1,3,3,133,At Risk
RTL4362,211,3,6662.110000000001,3,4,3,343,Others
RTL4363,440,2,10973.169999999998,2,3,4,234,At Risk
RTL4364,49,4,11540.3,5,5,4,554,Loyal Customer
RTL4365,624,1,86.18,1,2,1,121,At Risk
RTL4366,560,2,2415.05,1,3,2,132,At Risk
RTL4367,229,4,21540.62,3,5,5,355,Others
RTL4368,89,2,3418.46,4,3,2,432,Recent Customer
RTL4369,393,1,2447.1,2,2,2,222,At Risk
RTL4371,99,1,2915.07,4,2,2,422,Recent Customer
RTL4372,531,3,26144.28,2,4,5,245,At Risk
RTL4373,650,1,3082.49,1,2,2,122,At Risk
RTL4374,207,2,3339.17,3,3,2,332,Others
RTL4375,187,1,23.68,4,2,1,421,Recent Customer
RTL4376,501,2,1234.22,2,3,1,231,At Risk
RTL4377,121,4,25371.65,4,5,5,455,Loyal Customer
RTL4378,606,1,8486.06,1,2,3,123,At Risk
RTL4379,631,2,3344.57,1,3,2,132,At Risk
RTL4380,516,2,8745.84,2,3,3,233,At Risk
RTL4381,549,1,2232.56,2,2,1,221,At Risk
RTL4382,165,2,11019.49,4,3,4,434,Recent Customer
RTL4383,161,1,6956.34,4,2,3,423,Recent Customer
RTL4384,473,1,8499.25,2,2,3,223,At Risk
RTL4385,80,4,21074.350000000002,5,5,5,555,Champion
RTL4386,141,5,664104.66,4,5,5,455,Loyal Customer
RTL4387,710,5,15169.64,1,5,4,154,At Risk
RTL4388,357,1,7176.77,2,2,3,223,At Risk
RTL4389,419,3,9008.56,2,4,3,243,At Risk
RTL4390,159,4,10392.6,4,5,3,453,Loyal Customer
RTL4392,448,3,10890.65,2,4,3,243,At Risk
RTL4393,118,1,7324.62,4,2,3,423,Recent Customer
RTL4394,369,2,12556.34,2,3,4,234,At Risk
RTL4395,652,1,955.11,1,2,1,121,At Risk
RTL4397,295,3,17009.55,3,4,4,344,Others
RTL4398,80,4,540807.07,5,5,5,555,Champion
RTL4399,172,4,24987.79,4,5,5,455,Loyal Customer
RTL4400,155,4,20093.27,4,5,5,455,Loyal Customer
RTL4401,317,4,7014.61,3,5,3,353,Others
RTL4402,139,2,5360.59,4,3,2,432,Recent Customer
RTL4403,557,1,2213.2,1,2,1,121,At Risk
RTL4404,57,6,13617.34,5,5,4,554,Loyal Customer
RTL4405,46,2,2983.68,5,3,2,532,Recent Customer
RTL4406,841,2,10815.27,1,3,3,133,At Risk
RTL4408,159,3,11694.61,4,4,4,444,Loyal Customer
RTL4409,5,3,16002.19,5,4,4,544,Loyal Customer
RTL4410,149,1,538.25,4,2,1,421,Recent Customer
RTL4411,129,1,2338.23,4,2,1,421,Recent Customer
RTL4412,72,5,40704.76,5,5,5,555,Champion
RTL4413,20,5,2789604.58,5,5,5,555,Champion
RTL4415,625,2,12389.99,1,3,4,134,At Risk
RTL4416,347,2,7100.73,2,3,3,233,At Risk
RTL4417,337,1,6429.79,2,2,3,223,At Risk
RTL4418,180,1,9439.46,4,2,3,423,Recent Customer
RTL4419,94,1,7812.97,4,2,3,423,Recent Customer
RTL4421,118,3,11849.150000000001,4,4,4,444,Loyal Customer
RTL4422,613,2,1097.61,1,3,1,131,At Risk
RTL4423,523,1,2675.88,2,2,2,222,At Risk
RTL4424,966,1,214.87,1,2,1,121,At Risk
RTL4425,205,1,396.75,3,2,1,321,Others
RTL4426,255,4,13648.77,3,5,4,354,Others
RTL4427,362,2,7263.74,2,3,3,233,At Risk
RTL4428,13,4,2685.43,5,5,2,552,Loyal Customer
RTL4429,130,2,5231.08,4,3,2,432,Recent Customer
RTL4430,91,4,22187.339999999997,4,5,5,455,Loyal Customer
RTL4431,383,6,16935.96,2,5,4,254,At Risk
RTL4432,822,1,3350.94,1,2,2,122,At Risk
RTL4433,60,5,21225.74,5,5,5,555,Champion
RTL4434,947,1,1590.86,1,2,1,121,At Risk
RTL4435,104,1,10676.3,4,2,3,423,Recent Customer
RTL4436,128,1,6049.41,4,2,3,423,Recent Customer
RTL4437,919,2,8095.12,1,3,3,133,At Risk
RTL4438,23,1,10.13,5,2,1,521,Recent Customer
RTL4439,631,1,3440.01,1,2,2,122,At Risk
RTL4440,78,3,3929.5,5,4,2,542,Loyal Customer
RTL4442,159,2,3985.09,4,3,2,432,Recent Customer
RTL4443,130,3,217390118.41,4,4,5,445,Loyal Customer
RTL4444,243,2,2439.08,3,3,2,332,Others
RTL4445,622,2,15016.75,1,3,4,134,At Risk
RTL4446,186,1,3841.56,4,2,2,422,Recent Customer
RTL4447,296,2,16155.509999999998,3,3,4,334,Others
RTL4448,230,3,10587.2,3,4,3,343,Others
RTL4449,124,2,4086.8999999999996,4,3,2,432,Recent Customer
RTL4450,899,1,2247.7,1,2,1,121,At Risk
RTL4451,420,1,1482.77,2,2,1,221,At Risk
RTL4453,7,4,33956.33,5,5,5,555,Champion
RTL4454,390,2,4958.1900000000005,2,3,2,232,At Risk
RTL4455,335,2,7548.12,3,3,3,333,Others
RTL4456,516,2,2241.51,2,3,1,231,At Risk
RTL4457,673,1,15558.6,1,2,4,124,At Risk
RTL4458,815,1,14795.7,1,2,4,124,At Risk
RTL4459,156,4,13450.779999999999,4,5,4,454,Loyal Customer
RTL4460,614,1,7848.37,1,2,3,123,At Risk
RTL4461,349,1,606.58,2,2,1,221,At Risk
RTL4462,628,1,8102.79,1,2,3,123,At Risk
RTL4463,566,2,837.3299999999999,1,3,1,131,At Risk
RTL4464,805,1,1999.04,1,2,1,121,At Risk
RTL4465,92,4,23616.93,4,5,5,455,Loyal Customer
RTL4466,891,1,2059.97,1,2,1,121,At Risk
RTL4467,371,3,10873.99,2,4,3,243,At Risk
RTL4468,115,1,2022.12,4,2,1,421,Recent Customer
RTL4469,174,3,2905.37,4,4,2,442,Loyal Customer
RTL4470,425,2,377711.31,2,3,5,235,At Risk
RTL4471,496,1,3262.61,2,2,2,222,At Risk
RTL4472,662,1,5770.52,1,2,2,122,At Risk
RTL4473,291,1,517.4,3,2,1,321,Others
RTL4474,61,4,14783.9,5,5,4,554,Loyal Customer
RTL4475,938,1,6986.34,1,2,3,123,At Risk
RTL4477,476,4,420719.78,2,5,5,255,At Risk
RTL4478,109,2,11080.18,4,3,4,434,Recent Customer
RTL4479,76,2,69918.14,5,3,5,535,Recent Customer
RTL4480,514,4,16883.57,2,5,4,254,At Risk
RTL4481,39,7,18231.17,5,5,4,554,Loyal Customer
RTL4482,34,2,5923.29,5,3,2,532,Recent Customer
RTL4483,372,1,1176.37,2,2,1,221,At Risk
RTL4484,234,2,8432.33,3,3,3,333,Others
RTL4485,367,4,9026.83,2,5,3,253,At Risk
RTL4486,26,5,6294.34,5,5,3,553,Loyal Customer
RTL4487,107,2,5256.5,4,3,2,432,Recent Customer
RTL4488,269,2,5508.62,3,3,2,332,Others
RTL4489,478,1,1724.05,2,2,1,221,At Risk
RTL4490,323,3,727045.16,3,4,5,345,Others
RTL4491,75,1,6599.91,5,2,3,523,Recent Customer
RTL4492,440,2,17608.8,2,3,4,234,At Risk
RTL4493,77,2,24944.059999999998,5,3,5,535,Recent Customer
RTL4494,79,1,164.28,5,2,1,521,Recent Customer
RTL4496,282,2,1202.49,3,3,1,331,Others
RTL4498,486,2,1006.95,2,3,1,231,At Risk
RTL4500,283,1,8257.5,3,2,3,323,Others
RTL4501,435,3,21658.49,2,4,5,245,At Risk
RTL4502,53,6,25814.82,5,5,5,555,Champion
RTL4503,852,1,236.78,1,2,1,121,At Risk
RTL4504,412,2,204.11,2,3,1,231,At Risk
RTL4506,58,1,2922.91,5,2,2,522,Recent Customer
RTL4508,426,2,4456.83,2,3,2,232,At Risk
RTL4509,700,1,697.5,1,2,1,121,At Risk
RTL4510,122,4,9295.89,4,5,3,453,Loyal Customer
RTL4511,200,4,8325.26,3,5,3,353,Others
RTL4512,306,2,4457.54,3,3,2,332,Others
RTL4513,622,3,3142.77,1,4,2,142,At Risk
RTL4514,425,1,8875.36,2,2,3,223,At Risk
RTL4515,191,1,9315.14,4,2,3,423,Recent Customer
RTL4516,200,1,2961.15,3,2,2,322,Others
RTL4517,230,1,367.65,3,2,1,321,Others
RTL4518,705,1,1113.97,1,2,1,121,At Risk
RTL4519,273,1,432.88,3,2,1,321,Others
RTL4520,299,1,18128.5,3,2,4,324,Others
RTL4521,356,4,18657.059999999998,2,5,4,254,At Risk
RTL4522,146,5,28553.239999999998,4,5,5,455,Loyal Customer
RTL4524,523,3,257085.72,2,4,5,245,At Risk
RTL4525,21,1,9389.23,5,2,3,523,Recent Customer
RTL4526,445,2,8818.17,2,3,3,233,At Risk
RTL4527,233,3,10445.67,3,4,3,343,Others
RTL4528,72,2,3949.1,5,3,2,532,Recent Customer
RTL4529,385,4,35278.17,2,5,5,255,At Risk
RTL4530,310,3,12802.119999999999,3,4,4,344,Others
RTL4531,285,3,12584.58,3,4,4,344,Others
RTL4532,292,4,9727.08,3,5,3,353,Others
RTL4533,617,2,4197.62,1,3,2,132,At Risk
RTL4534,224,2,3588.31,3,3,2,332,Others
RTL4535,51,3,16464.010000000002,5,4,4,544,Loyal Customer
RTL4536,126,3,18741.65,4,4,5,445,Loyal Customer
RTL4537,235,2,5125.03,3,3,2,332,Others
RTL4538,147,3,6020.639999999999,4,4,2,442,Loyal Customer
RTL4539,761,1,11019.5,1,2,4,124,At Risk
RTL4540,244,4,2501569.45,3,5,5,355,Others
RTL4541,734,2,11203.59,1,3,4,134,At Risk
RTL4542,392,1,282.37,2,2,1,221,At Risk
RTL4543,373,2,9753.55,2,3,3,233,At Risk
RTL4544,152,3,25591.52,4,4,5,445,Loyal Customer
RTL4545,351,3,9553.710000000001,2,4,3,243,At Risk
RTL4546,244,5,20016.52,3,5,5,355,Others
RTL4547,257,5,1744871.4,3,5,5,355,Others
RTL4548,59,3,16422.5,5,4,4,544,Loyal Customer
RTL4549,135,2,2131.66,4,3,1,431,Recent Customer
RTL4550,142,4,26280.43,4,5,5,455,Loyal Customer
RTL4551,64,5,14881.09,5,5,4,554,Loyal Customer
RTL4552,346,4,25454.16,2,5,5,255,At Risk
RTL4553,24,2,5634.95,5,3,2,532,Recent Customer
RTL4554,22,1,2640.32,5,2,2,522,Recent Customer
RTL4555,319,2,1909.7199999999998,3,3,1,331,Others
RTL4556,82,5,26510.34,5,5,5,555,Champion
RTL4557,937,1,10834.5,1,2,3,123,At Risk
RTL4558,563,1,807.02,1,2,1,121,At Risk
RTL4559,321,4,19204.17,3,5,5,355,Others
RTL4560,441,4,294157.05,2,5,5,255,At Risk
RTL4561,424,1,128.94,2,2,1,221,At Risk
RTL4563,53,2,1818.36,5,3,1,531,Recent Customer
RTL4564,143,2,2707.88,4,3,2,432,Recent Customer
RTL4565,325,3,16194.929999999998,3,4,4,344,Others
RTL4566,44,4,6590.7699999999995,5,5,3,553,Loyal Customer
RTL4567,408,3,10220.36,2,4,3,243,At Risk
RTL4568,337,1,9350.98,2,2,3,223,At Risk
RTL4569,1010,1,79.94,1,2,1,121,At Risk
RTL4570,879,1,6118.0,1,2,3,123,At Risk
RTL4571,383,1,102.29,2,2,1,221,At Risk
RTL4572,135,3,11727.429999999998,4,4,4,444,Loyal Customer
RTL4574,879,2,3033.4700000000003,1,3,2,132,At Risk
RTL4575,957,1,1808.33,1,2,1,121,At Risk
RTL4576,562,2,1334.93,1,3,1,131,At Risk
RTL4577,174,5,9628.22,4,5,3,453,Loyal Customer
RTL4578,160,2,9077.41,4,3,3,433,Recent Customer
RTL4580,483,2,6696.5,2,3,3,233,At Risk
RTL4581,148,1,3069.14,4,2,2,422,Recent Customer
RTL4582,20,2,1355.5700000000002,5,3,1,531,Recent Customer
RTL4583,40,3,3160597.86,5,4,5,545,Loyal Customer
RTL4584,595,3,4947.62,1,4,2,142,At Risk
RTL4585,169,2,1335.6699999999998,4,3,1,431,Recent Customer
RTL4586,485,3,18822.94,2,4,5,245,At Risk
RTL4587,145,6,909555.76,4,5,5,455,Loyal Customer
RTL4588,160,1,384.28,4,2,1,421,Recent Customer
RTL4589,302,4,16903.4,3,5,4,354,Others
RTL4590,155,3,6223.55,4,4,3,443,Loyal Customer
RTL4591,70,1,6039.04,5,2,3,523,Recent Customer
RTL4592,320,2,2767.04,3,3,2,332,Others
RTL4593,409,1,1796.93,2,2,1,221,At Risk
RTL4594,14,2,2087.01,5,3,1,531,Recent Customer
RTL4595,222,2,3611.23,3,3,2,332,Others
RTL4596,265,1,4063.45,3,2,2,322,Others
RTL4597,55,5,6520.6,5,5,3,553,Loyal Customer
RTL4598,754,1,762.3,1,2,1,121,At Risk
RTL4599,72,1,629.6,5,2,1,521,Recent Customer
RTL4601,10,2,3322.91,5,3,2,532,Recent Customer
RTL4602,504,1,2101.45,2,2,1,221,At Risk
RTL4603,338,2,16616.14,2,3,4,234,At Risk
RTL4604,513,1,6756.39,2,2,3,223,At Risk
RTL4605,140,6,42642.91,4,5,5,455,Loyal Customer
RTL4606,108,5,6492.4400000000005,4,5,3,453,Loyal Customer
RTL4607,477,1,8116.8,2,2,3,223,At Risk
RTL4608,760,1,3927.89,1,2,2,122,At Risk
RTL4609,225,2,9199.27,3,3,3,333,Others
RTL4610,305,1,5382.13,3,2,2,322,Others
RTL4611,69,1,783.68,5,2,1,521,Recent Customer
RTL4613,82,5,4774.82,5,5,2,552,Loyal Customer
RTL4614,51,1,1513.25,5,2,1,521,Recent Customer
RTL4615,22,4,4573.4400000000005,5,5,2,552,Loyal Customer
RTL4616,550,5,11775.74,2,5,4,254,At Risk
RTL4617,194,3,14027.539999999999,3,4,4,344,Others
RTL4618,781,1,3765.0,1,2,2,122,At Risk
RTL4619,233,2,3555.62,3,3,2,332,Others
RTL4620,151,2,10118.54,4,3,3,433,Recent Customer
RTL4621,279,4,19878.710000000003,3,5,5,355,Others
RTL4622,15,3,22430.120000000003,5,4,5,545,Loyal Customer
RTL4623,26,2,12389.02,5,3,4,534,Recent Customer
RTL4624,103,2,16985.09,4,3,4,434,Recent Customer
RTL4625,35,2,110755.77,5,3,5,535,Recent Customer
RTL4627,238,4,29074.91,3,5,5,355,Others
RTL4628,207,2,953219.44,3,3,5,335,Others
RTL4630,314,3,7898.78,3,4,3,343,Others
RTL4631,304,2,7053.18,3,3,3,333,Others
RTL4633,606,1,2024.3,1,2,1,121,At Risk
RTL4634,551,1,4843.2,2,2,2,222,At Risk
RTL4635,291,3,18265.08,3,4,4,344,Others
RTL4637,609,1,2874.56,1,2,2,122,At Risk
RTL4638,33,7,21130.43,5,5,5,555,Champion
RTL4639,556,1,7681.65,1,2,3,123,At Risk
RTL4640,781,1,1712.2,1,2,1,121,At Risk
RTL4641,1,2,5409.900000000001,5,3,2,532,Recent Customer
RTL4642,223,4,2126827.92,3,5,5,355,Others
RTL4643,4,2,1721.4,5,3,1,531,Recent Customer
RTL4644,426,5,243529.86,2,5,5,255,At Risk
RTL4645,34,4,15858.95,5,5,4,554,Loyal Customer
RTL4646,275,4,7007.45,3,5,3,353,Others
RTL4648,331,2,3094.24,3,3,2,332,Others
RTL4649,439,4,14698.189999999999,2,5,4,254,At Risk
RTL4650,198,5,22513.5,3,5,5,355,Others
RTL4651,744,3,15344.65,1,4,4,144,At Risk
RTL4652,157,3,59085.35,4,4,5,445,Loyal Customer
RTL4653,23,5,6534.16,5,5,3,553,Loyal Customer
RTL4655,407,4,12167.7,2,5,4,254,At Risk
RTL4656,165,4,13706.36,4,5,4,454,Loyal Customer
RTL4657,535,2,2285.3,2,3,1,231,At Risk
RTL4658,36,5,2962.15,5,5,2,552,Loyal Customer
RTL4659,198,2,427.64,3,3,1,331,Others
RTL4660,133,2,2414442.96,4,3,5,435,Recent Customer
RTL4661,117,4,40230.48,4,5,5,455,Loyal Customer
RTL4662,112,5,7408.300000000001,4,5,3,453,Loyal Customer
RTL4663,29,1,422.81,5,2,1,521,Recent Customer
RTL4664,323,3,8662.65,3,4,3,343,Others
RTL4665,101,5,15705.89,4,5,4,454,Loyal Customer
RTL4666,141,1,8862.58,4,2,3,423,Recent Customer
RTL4667,54,5,16895.55,5,5,4,554,Loyal Customer
RTL4668,225,1,3829.37,3,2,2,322,Others
RTL4669,213,5,1211726.77,3,5,5,355,Others
RTL4670,302,2,964.41,3,3,1,331,Others
RTL4671,824,2,9134.18,1,3,3,133,At Risk
RTL4672,185,2,3670.03,4,3,2,432,Recent Customer
RTL4673,236,1,1395.47,3,2,1,321,Others
RTL4674,78,2,2986.65,5,3,2,532,Recent Customer
RTL4675,63,3,7046.400000000001,5,4,3,543,Loyal Customer
RTL4676,395,1,522.96,2,2,1,221,At Risk
RTL4677,26,3,12467.9,5,4,4,544,Loyal Customer
RTL4678,337,3,9651.53,2,4,3,243,At Risk
RTL4679,419,1,1342.32,2,2,1,221,At Risk
RTL4680,656,1,8361.7,1,2,3,123,At Risk
RTL4681,331,1,13648.5,3,2,4,324,Others
RTL4682,425,3,4998.15,2,4,2,242,At Risk
RTL4683,34,3,11620.66,5,4,4,544,Loyal Customer
RTL4684,227,2,7247.06,3,3,3,333,Others
RTL4685,358,2,15912.17,2,3,4,234,At Risk
RTL4686,365,2,10884.28,2,3,3,233,At Risk
RTL4687,331,5,1006527.0399999999,3,5,5,355,Others
RTL4688,400,2,9835.5,2,3,3,233,At Risk
RTL4689,258,2,10863.43,3,3,3,333,Others
RTL4690,981,1,1640.97,1,2,1,121,At Risk
RTL4691,475,1,6163.81,2,2,3,223,At Risk
RTL4692,343,3,8960.97,2,4,3,243,At Risk
RTL4693,977,1,1994.12,1,2,1,121,At Risk
RTL4694,270,2,10932.73,3,3,3,333,Others
RTL4695,338,2,805.1,2,3,1,231,At Risk
RTL4697,57,5,21415.34,5,5,5,555,Champion
RTL4698,82,2,21662.18,5,3,5,535,Recent Customer
RTL4699,1015,1,9393.28,1,2,3,123,At Risk
RTL4700,551,1,2576.56,2,2,2,222,At Risk
RTL4701,77,4,26161.329999999998,5,5,5,555,Champion
RTL4702,19,4,6296.2300000000005,5,5,3,553,Loyal Customer
RTL4703,188,3,1226.8400000000001,4,4,1,441,Loyal Customer
RTL4704,136,4,314095.6,4,5,5,455,Loyal Customer
RTL4705,832,1,108.08,1,2,1,121,At Risk
RTL4706,60,5,383576.94999999995,5,5,5,555,Champion
RTL4707,242,4,1016025.35,3,5,5,355,Others
RTL4709,525,4,38980.29,2,5,5,255,At Risk
RTL4710,349,7,32638.440000000002,2,5,5,255,At Risk
RTL4711,658,2,2176.58,1,3,1,131,At Risk
RTL4712,414,2,10187.36,2,3,3,233,At Risk
RTL4713,784,1,1667.69,1,2,1,121,At Risk
RTL4714,884,2,3634.9,1,3,2,132,At Risk
RTL4716,187,3,15301.57,4,4,4,444,Loyal Customer
RTL4717,254,3,12306.880000000001,3,4,4,344,Others
RTL4718,329,3,22264.93,3,4,5,345,Others
RTL4719,63,5,21264.14,5,5,5,555,Champion
RTL4720,384,2,3557.62,2,3,2,232,At Risk
RTL4721,280,2,8691.17,3,3,3,333,Others
RTL4722,339,2,13977.61,2,3,4,234,At Risk
RTL4723,260,2,13348.269999999999,3,3,4,334,Others
RTL4724,127,3,715.27,4,4,1,441,Loyal Customer
RTL4725,567,1,470.56,1,2,1,121,At Risk
RTL4726,94,3,15962.18,4,4,4,444,Loyal Customer
RTL4727,108,6,27138.510000000002,4,5,5,455,Loyal Customer
RTL4728,30,4,3799668.14,5,5,5,555,Champion
RTL4730,461,2,1357.88,2,3,1,231,At Risk
RTL4731,442,2,19769.370000000003,2,3,5,235,At Risk
RTL4732,502,1,760.99,2,2,1,221,At Risk
RTL4733,68,5,128055.15,5,5,5,555,Champion
RTL4734,141,2,8425.32,4,3,3,433,Recent Customer
RTL4736,155,3,14895.73,4,4,4,444,Loyal Customer
RTL4737,353,6,9593.060000000001,2,5,3,253,At Risk
RTL4738,559,3,5366.2300000000005,1,4,2,142,At Risk
RTL4739,66,3,20137.29,5,4,5,545,Loyal Customer
RTL4740,274,3,11535.039999999999,3,4,4,344,Others
RTL4741,146,2,7651.110000000001,4,3,3,433,Recent Customer
RTL4742,131,2,2405.45,4,3,1,431,Recent Customer
RTL4743,867,2,4065.39,1,3,2,132,At Risk
RTL4744,545,1,31.82,2,2,1,221,At Risk
RTL4746,797,3,8254.97,1,4,3,143,At Risk
RTL4747,393,3,15749.55,2,4,4,244,At Risk
RTL4748,822,1,1888.9,1,2,1,121,At Risk
RTL4749,760,3,11930.720000000001,1,4,4,144,At Risk
RTL4750,255,3,8783.630000000001,3,4,3,343,Others
RTL4751,45,4,99945.8,5,5,5,555,Champion
RTL4752,755,1,1661.4,1,2,1,121,At Risk
RTL4753,522,1,2815.44,2,2,2,222,At Risk
RTL4754,278,2,16675.23,3,3,4,334,Others
RTL4755,176,4,23478.63,4,5,5,455,Loyal Customer
RTL4757,115,4,6849.94,4,5,3,453,Loyal Customer
RTL4758,315,3,257695.46,3,4,5,345,Others
RTL4759,105,3,14532.73,4,4,4,444,Loyal Customer
RTL4760,174,1,1105.97,4,2,1,421,Recent Customer
RTL4761,75,1,8871.23,5,2,3,523,Recent Customer
RTL4762,364,2,2462.5,2,3,2,232,At Risk
RTL4763,369,1,4303.88,2,2,2,222,At Risk
RTL4764,576,2,15379.07,1,3,4,134,At Risk
RTL4765,21,4,23972.870000000003,5,5,5,555,Champion
RTL4766,281,2,6628.09,3,3,3,333,Others
RTL4767,282,3,7263.66,3,4,3,343,Others
RTL4768,129,3,8665.309999999998,4,4,3,443,Loyal Customer
RTL4769,1004,1,4592.35,1,2,2,122,At Risk
RTL4770,114,3,8268.12,4,4,3,443,Loyal Customer
RTL4772,699,2,16014.699999999999,1,3,4,134,At Risk
RTL4773,747,3,2511.85,1,4,2,142,At Risk
RTL4774,592,1,2787.43,1,2,2,122,At Risk
RTL4775,461,1,148.09,2,2,1,221,At Risk
RTL4776,165,2,936.7,4,3,1,431,Recent Customer
RTL4777,405,1,43.36,2,2,1,221,At Risk
RTL4778,93,3,14217.99,4,4,4,444,Loyal Customer
RTL4779,120,3,8534.33,4,4,3,443,Loyal Customer
RTL4780,60,2,9435.980000000001,5,3,3,533,Recent Customer
RTL4782,691,1,1486.1,1,2,1,121,At Risk
RTL4783,954,1,5056.45,1,2,2,122,At Risk
RTL4784,246,1,8260.17,3,2,3,323,Others
RTL4785,139,3,16331.279999999999,4,4,4,444,Loyal Customer
RTL4786,154,4,9365.16,4,5,3,453,Loyal Customer
RTL4788,175,7,25606.440000000002,4,5,5,455,Loyal Customer
RTL4790,469,2,22138.480000000003,2,3,5,235,At Risk
RTL4791,716,2,42694.270000000004,1,3,5,135,At Risk
RTL4792,52,3,9207.76,5,4,3,543,Loyal Customer
RTL4793,461,3,11453.53,2,4,4,244,At Risk
RTL4794,142,2,2922.24,4,3,2,432,Recent Customer
RTL4795,566,1,3721.13,1,2,2,122,At Risk
RTL4796,4,3,9990.69,5,4,3,543,Loyal Customer
RTL4797,455,3,11097.58,2,4,4,244,At Risk
RTL4798,522,1,714.32,2,2,1,221,At Risk
RTL4799,142,2,5179.4400000000005,4,3,2,432,Recent Customer
RTL4801,449,2,2534.67,2,3,2,232,At Risk
RTL4802,289,3,26968.199999999997,3,4,5,345,Others
RTL4804,704,2,368.97,1,3,1,131,At Risk
RTL4805,377,4,15959.39,2,5,4,254,At Risk
RTL4806,17,3,17352.120000000003,5,4,4,544,Loyal Customer
RTL4807,468,3,8294.23,2,4,3,243,At Risk
RTL4809,26,2,4581.99,5,3,2,532,Recent Customer
RTL4810,280,1,3987.62,3,2,2,322,Others
RTL4811,308,4,12533.099999999999,3,5,4,354,Others
RTL4812,629,3,5839.92,1,4,2,142,At Risk
RTL4813,36,2,7229.95,5,3,3,533,Recent Customer
RTL4814,679,2,5545.549999999999,1,3,2,132,At Risk
RTL4815,499,2,7915.299999999999,2,3,3,233,At Risk
RTL4816,130,4,25582.84,4,5,5,455,Loyal Customer
RTL4817,14,1,4122.07,5,2,2,522,Recent Customer
RTL4818,434,2,7749.099999999999,2,3,3,233,At Risk
RTL4819,350,3,40117.119999999995,2,4,5,245,At Risk
RTL4820,324,2,2222.9100000000003,3,3,1,331,Others
RTL4821,402,1,2195.0,2,2,1,221,At Risk
RTL4822,85,4,4160.610000000001,5,5,2,552,Loyal Customer
RTL4823,846,2,3321.7700000000004,1,3,2,132,At Risk
RTL4824,116,1,8920.08,4,2,3,423,Recent Customer
RTL4825,828,1,4855.38,1,2,2,122,At Risk
RTL4826,45,1,2349.27,5,2,1,521,Recent Customer
RTL4827,75,1,23.49,5,2,1,521,Recent Customer
RTL4828,676,3,27029.34,1,4,5,145,At Risk
RTL4829,242,4,18242.48,3,5,4,354,Others
RTL4830,239,2,1022.88,3,3,1,331,Others
RTL4831,591,2,2944.5299999999997,1,3,2,132,At Risk
RTL4833,293,3,504.73,3,4,1,341,Others
RTL4835,192,3,17761.01,4,4,4,444,Loyal Customer
RTL4836,114,2,6902.08,4,3,3,433,Recent Customer
RTL4837,575,2,2824.3999999999996,1,3,2,132,At Risk
RTL4838,107,5,10717.64,4,5,3,453,Loyal Customer
RTL4839,272,5,30266.03,3,5,5,355,Others
RTL4840,371,2,8540.19,2,3,3,233,At Risk
RTL4841,601,2,5598.599999999999,1,3,2,132,At Risk
RTL4842,239,3,15216.029999999999,3,4,4,344,Others
RTL4843,189,2,13508.38,4,3,4,434,Recent Customer
RTL4844,144,3,1696302.59,4,4,5,445,Loyal Customer
RTL4845,808,1,3547.14,1,2,2,122,At Risk
RTL4846,375,2,1787.11,2,3,1,231,At Risk
RTL4847,131,4,16967.35,4,5,4,454,Loyal Customer
RTL4848,529,1,1839.72,2,2,1,221,At Risk
RTL4849,528,1,9912.57,2,2,3,223,At Risk
RTL4850,15,3,5992.5,5,4,2,542,Loyal Customer
RTL4851,225,3,2296.44,3,4,1,341,Others
RTL4852,661,2,6030.99,1,3,3,133,At Risk
RTL4853,461,1,515.6,2,2,1,221,At Risk
RTL4854,789,3,4923.5599999999995,1,4,2,142,At Risk
RTL4855,203,1,5758.41,3,2,2,322,Others
RTL4856,206,5,16890.72,3,5,4,354,Others
RTL4857,233,4,10149.4,3,5,3,353,Others
RTL4858,688,1,6434.64,1,2,3,123,At Risk
RTL4859,125,5,34135.31,4,5,5,455,Loyal Customer
RTL4860,11,4,17260.53,5,5,4,554,Loyal Customer
RTL4861,328,5,23794.3,3,5,5,355,Others
RTL4862,466,2,21573.85,2,3,5,235,At Risk
RTL4863,333,4,42299.299999999996,3,5,5,355,Others
RTL4864,346,3,632791.64,2,4,5,245,At Risk
RTL4865,590,2,3478.3,1,3,2,132,At Risk
RTL4866,44,3,11867.05,5,4,4,544,Loyal Customer
RTL4867,29,3,14508.259999999998,5,4,4,544,Loyal Customer
RTL4868,129,5,22164.629999999997,4,5,5,455,Loyal Customer
RTL4869,576,2,7554.87,1,3,3,133,At Risk
RTL4870,118,5,11676.279999999999,4,5,4,454,Loyal Customer
RTL4871,56,5,26341.41,5,5,5,555,Champion
RTL4873,180,4,16801.82,4,5,4,454,Loyal Customer
RTL4874,45,3,6867.280000000001,5,4,3,543,Loyal Customer
RTL4875,313,3,1610075.24,3,4,5,345,Others
RTL4876,237,3,1477.8,3,4,1,341,Others
RTL4877,446,2,9392.78,2,3,3,233,At Risk
RTL4878,106,2,1499.44,4,3,1,431,Recent Customer
RTL4879,367,3,29894.03,2,4,5,245,At Risk
RTL4880,485,1,10897.3,2,2,3,223,At Risk
RTL4881,47,3,16139.490000000002,5,4,4,544,Loyal Customer
RTL4882,489,2,2719.13,2,3,2,232,At Risk
RTL4883,282,5,11816.21,3,5,4,354,Others
RTL4884,347,4,14593.04,2,5,4,254,At Risk
RTL4885,531,3,8569.779999999999,2,4,3,243,At Risk
RTL4886,204,2,152828.25,3,3,5,335,Others
RTL4887,193,4,11133.689999999999,3,5,4,354,Others
RTL4889,43,2,8173.860000000001,5,3,3,533,Recent Customer
RTL4890,289,2,1961.23,3,3,1,331,Others
RTL4891,592,1,1169.42,1,2,1,121,At Risk
RTL4892,468,1,114.8,2,2,1,221,At Risk
RTL4893,420,4,19978.58,2,5,5,255,At Risk
RTL4894,3,5,1042572.0,5,5,5,555,Champion
RTL4895,135,5,8744.02,4,5,3,453,Loyal Customer
RTL4896,127,5,24796.550000000003,4,5,5,455,Loyal Customer
RTL4897,37,1,9662.33,5,2,3,523,Recent Customer
RTL4898,853,1,794.83,1,2,1,121,At Risk
RTL4899,64,3,18912.559999999998,5,4,5,545,Loyal Customer
RTL4901,798,3,4775.4400000000005,1,4,2,142,At Risk
RTL4902,930,2,5854.88,1,3,2,132,At Risk
RTL4903,40,6,36107.15,5,5,5,555,Champion
RTL4904,193,1,4289.27,3,2,2,322,Others
RTL4905,502,2,14343.04,2,3,4,234,At Risk
RTL4906,4,4,26828.98,5,5,5,555,Champion
RTL4907,295,4,28311.949999999997,3,5,5,355,Others
RTL4908,77,2,1339767.0,5,3,5,535,Recent Customer
RTL4911,126,6,9687.88,4,5,3,453,Loyal Customer
RTL4912,94,3,13235.449999999999,4,4,4,444,Loyal Customer
RTL4913,471,2,1246260.3,2,3,5,235,At Risk
RTL4914,281,5,21923.530000000002,3,5,5,355,Others
RTL4916,34,3,6641.52,5,4,3,543,Loyal Customer
RTL4917,219,3,2790.3199999999997,3,4,2,342,Others
RTL4918,159,4,13564.66,4,5,4,454,Loyal Customer
RTL4919,32,2,6069.79,5,3,3,533,Recent Customer
RTL4920,193,3,6453.5,3,4,3,343,Others
RTL4921,131,3,20099.49,4,4,5,445,Loyal Customer
RTL4922,194,2,10865.300000000001,3,3,3,333,Others
RTL4923,214,4,10379.75,3,5,3,353,Others
RTL4924,57,3,8793.34,5,4,3,543,Loyal Customer
RTL4925,10,5,24884.09,5,5,5,555,Champion
RTL4926,2,4,21756.59,5,5,5,555,Champion
RTL4928,182,1,51.03,4,2,1,421,Recent Customer
RTL4929,3,1,1998.62,5,2,1,521,Recent Customer
RTL4930,86,2,1713.1499999999999,5,3,1,531,Recent Customer
RTL4931,569,1,1441.62,1,2,1,121,At Risk
RTL4933,189,1,156.61,4,2,1,421,Recent Customer
RTL4934,666,2,2350.07,1,3,1,131,At Risk
RTL4935,64,4,7797.33,5,5,3,553,Loyal Customer
RTL4936,244,5,23285.25,3,5,5,355,Others
RTL4937,60,1,3426.3,5,2,2,522,Recent Customer
RTL4938,127,1,4428.77,4,2,2,422,Recent Customer
RTL4940,291,4,2939.9,3,5,2,352,Others
RTL4941,498,3,6499.98,2,4,3,243,At Risk
RTL4942,860,2,7391.450000000001,1,3,3,133,At Risk
RTL4943,974,1,5453.06,1,2,2,122,At Risk
RTL4944,332,2,1265.02,3,3,1,331,Others
RTL4945,38,1,10765.5,5,2,3,523,Recent Customer
RTL4947,850,1,5081.3,1,2,2,122,At Risk
RTL4948,155,1,11992.6,4,2,4,424,Recent Customer
RTL4949,280,4,3293.38,3,5,2,352,Others
RTL4950,166,5,2758454.37,4,5,5,455,Loyal Customer
RTL4951,140,4,19223.39,4,5,5,455,Loyal Customer
RTL4952,476,3,8837.57,2,4,3,243,At Risk
RTL4953,65,2,12072.45,5,3,4,534,Recent Customer
RTL4954,1016,1,3278.72,1,2,2,122,At Risk
RTL4955,731,1,9166.98,1,2,3,123,At Risk
RTL4956,298,6,11815.84,3,5,4,354,Others
RTL4957,996,1,2710.32,1,2,2,122,At Risk
RTL4958,311,1,2252.28,3,2,1,321,Others
RTL4960,130,2,16848.6,4,3,4,434,Recent Customer
RTL4961,1016,1,2783.64,1,2,2,122,At Risk
RTL4962,267,3,1699.65,3,4,1,341,Others
RTL4963,512,2,3478.87,2,3,2,232,At Risk
RTL4964,486,3,30273.309999999998,2,4,5,245,At Risk
RTL4966,289,3,7030.0599999999995,3,4,3,343,Others
RTL4969,329,4,19468.52,3,5,5,355,Others
RTL4970,77,3,13098.05,5,4,4,544,Loyal Customer
RTL4971,65,2,1908.0800000000002,5,3,1,531,Recent Customer
RTL4972,147,1,4794.3,4,2,2,422,Recent Customer
RTL4973,20,2,3756.0,5,3,2,532,Recent Customer
RTL4975,525,3,18247.550000000003,2,4,4,244,At Risk
RTL4976,80,3,17162.58,5,4,4,544,Loyal Customer
RTL4977,664,4,8529.84,1,5,3,153,At Risk
RTL4978,594,3,767401.29,1,4,5,145,At Risk
RTL4979,775,1,211.54,1,2,1,121,At Risk
RTL4980,707,1,10350.1,1,2,3,123,At Risk
RTL4981,349,2,1317.47,2,3,1,231,At Risk
RTL4982,69,1,7869.92,5,2,3,523,Recent Customer
RTL4983,708,2,4013.81,1,3,2,132,At Risk
RTL4984,343,3,4408.98,2,4,2,242,At Risk
RTL4986,297,1,765.89,3,2,1,321,Others
RTL4987,213,2,2689.9700000000003,3,3,2,332,Others
RTL4988,85,4,18201.87,5,5,4,554,Loyal Customer
RTL4989,305,2,408.72999999999996,3,3,1,331,Others
RTL4990,154,3,21449.89,4,4,5,445,Loyal Customer
RTL4991,161,2,3371.66,4,3,2,432,Recent Customer
RTL4992,35,3,1761.99,5,4,1,541,Loyal Customer
RTL4993,588,1,7323.74,1,2,3,123,At Risk
RTL4994,94,5,15724.15,4,5,4,454,Loyal Customer
RTL4995,201,2,5354.62,3,3,2,332,Others
RTL4996,116,1,6112.8,4,2,3,423,Recent Customer
RTL4997,245,2,5000.42,3,3,2,332,Others
RTL4998,984,1,1519.02,1,2,1,121,At Risk
RTL4999,503,3,9592.89,2,4,3,243,At Risk
RTL5000,176,1,2198.63,4,2,1,421,Recent Customer
Unknown,1,630,16907899.14,5,5,5,555,Champion
